country,iso2,iso3,iso_numeric,g_whoregion,year,bmu,bmu_community_impl,community_data_available,bmu_ref_data,notified_ref,notified_ref_community,bmu_rxsupport_data,bmu_rxsupport_data_coh,rxsupport_community_coh,rxsupport_community_succ
Afghanistan,AF,AFG,4,EMR,2013,423.88524590163934,232.03787878787878,0.5492957746478874,235.1094890510949,40706.675276752765,7182.249011857708,661.0,63441.11330049261,1089.0,991.0
Afghanistan,AF,AFG,4,EMR,2014,722.0,232.03787878787878,0.5492957746478874,661.0,15946.0,1088.0,506.0,811.0,811.0,811.0
Afghanistan,AF,AFG,4,EMR,2015,708.0,539.0,1.0,539.0,35878.0,1146.0,750.0,37001.0,877.0,875.0
Afghanistan,AF,AFG,4,EMR,2016,778.0,778.0,1.0,778.0,19710.0,1857.0,778.0,43046.0,1943.0,1803.0
Afghanistan,AF,AFG,4,EMR,2017,817.0,817.0,1.0,817.0,47406.0,5214.0,778.0,46640.0,4123.0,29002.339805825242
Afghanistan,AF,AFG,4,EMR,2018,887.0,887.0,1.0,887.0,48421.0,7021.0,297.07307692307694,63441.11330049261,30194.145161290322,29002.339805825242
Albania,AL,ALB,8,EUR,2015,28.0,28.0,0.0,235.1094890510949,40706.675276752765,7182.249011857708,297.07307692307694,63441.11330049261,30194.145161290322,29002.339805825242
Albania,AL,ALB,8,EUR,2016,28.0,232.03787878787878,0.0,235.1094890510949,40706.675276752765,7182.249011857708,297.07307692307694,63441.11330049261,30194.145161290322,29002.339805825242
Algeria,DZ,DZA,12,AFR,2013,423.88524590163934,232.03787878787878,0.5492957746478874,235.1094890510949,40706.675276752765,7182.249011857708,0.0,63441.11330049261,0.0,0.0
Algeria,DZ,DZA,12,AFR,2014,271.0,232.03787878787878,0.5492957746478874,0.0,0.0,0.0,48.0,0.0,0.0,0.0
Algeria,DZ,DZA,12,AFR,2015,48.0,48.0,1.0,0.0,0.0,0.0,0.0,0.0,0.0,0.0
Algeria,DZ,DZA,12,AFR,2016,240.0,240.0,1.0,0.0,0.0,0.0,297.07307692307694,63441.11330049261,30194.145161290322,29002.339805825242
Algeria,DZ,DZA,12,AFR,2017,250.0,17.0,0.0,235.1094890510949,40706.675276752765,7182.249011857708,297.07307692307694,63441.11330049261,30194.145161290322,29002.339805825242
Algeria,DZ,DZA,12,AFR,2018,247.0,232.03787878787878,0.0,235.1094890510949,40706.675276752765,7182.249011857708,297.07307692307694,63441.11330049261,30194.145161290322,29002.339805825242
Angola,AO,AGO,24,AFR,2014,193.0,232.03787878787878,0.5492957746478874,235.1094890510949,40706.675276752765,7182.249011857708,297.07307692307694,63441.11330049261,30194.145161290322,29002.339805825242
Angola,AO,AGO,24,AFR,2015,283.0,232.03787878787878,0.0,235.1094890510949,40706.675276752765,7182.249011857708,297.07307692307694,63441.11330049261,30194.145161290322,29002.339805825242
Angola,AO,AGO,24,AFR,2016,302.0,280.0,0.0,235.1094890510949,40706.675276752765,7182.249011857708,297.07307692307694,63441.11330049261,30194.145161290322,29002.339805825242
Angola,AO,AGO,24,AFR,2017,302.0,0.0,0.0,235.1094890510949,40706.675276752765,7182.249011857708,0.0,0.0,0.0,0.0
Angola,AO,AGO,24,AFR,2018,333.0,9.0,1.0,9.0,5276.0,5276.0,297.07307692307694,63441.11330049261,30194.145161290322,29002.339805825242
Armenia,AM,ARM,51,EUR,2013,423.88524590163934,232.03787878787878,0.5492957746478874,235.1094890510949,40706.675276752765,7182.249011857708,66.0,63441.11330049261,0.0,0.0
Armenia,AM,ARM,51,EUR,2014,66.0,232.03787878787878,0.5492957746478874,66.0,1342.0,0.0,297.07307692307694,63441.11330049261,30194.145161290322,29002.339805825242
Armenia,AM,ARM,51,EUR,2015,66.0,0.0,0.0,235.1094890510949,40706.675276752765,7182.249011857708,297.07307692307694,63441.11330049261,30194.145161290322,29002.339805825242
Armenia,AM,ARM,51,EUR,2016,66.0,0.0,0.0,235.1094890510949,40706.675276752765,7182.249011857708,297.07307692307694,63441.11330049261,30194.145161290322,29002.339805825242
Armenia,AM,ARM,51,EUR,2017,66.0,0.0,0.0,235.1094890510949,40706.675276752765,7182.249011857708,297.07307692307694,63441.11330049261,30194.145161290322,29002.339805825242
Azerbaijan,AZ,AZE,31,EUR,2013,423.88524590163934,232.03787878787878,0.5492957746478874,235.1094890510949,40706.675276752765,7182.249011857708,0.0,63441.11330049261,0.0,0.0
Azerbaijan,AZ,AZE,31,EUR,2014,69.0,232.03787878787878,0.5492957746478874,0.0,5781.0,0.0,297.07307692307694,63441.11330049261,30194.145161290322,29002.339805825242
Azerbaijan,AZ,AZE,31,EUR,2015,68.0,7.0,0.0,235.1094890510949,40706.675276752765,7182.249011857708,297.07307692307694,63441.11330049261,30194.145161290322,29002.339805825242
Azerbaijan,AZ,AZE,31,EUR,2016,68.0,7.0,0.0,235.1094890510949,40706.675276752765,7182.249011857708,297.07307692307694,63441.11330049261,30194.145161290322,29002.339805825242
Azerbaijan,AZ,AZE,31,EUR,2017,68.0,7.0,0.0,235.1094890510949,40706.675276752765,7182.249011857708,297.07307692307694,63441.11330049261,30194.145161290322,29002.339805825242
Azerbaijan,AZ,AZE,31,EUR,2018,68.0,0.0,0.0,235.1094890510949,40706.675276752765,7182.249011857708,297.07307692307694,63441.11330049261,30194.145161290322,29002.339805825242
Bangladesh,BD,BGD,50,SEA,2014,880.0,232.03787878787878,0.5492957746478874,478.0,130121.0,79477.0,478.0,164175.0,164175.0,152778.0
Bangladesh,BD,BGD,50,SEA,2015,882.0,478.0,1.0,478.0,173086.0,85676.0,478.0,173084.0,173084.0,161555.0
Bangladesh,BD,BGD,50,SEA,2016,854.0,480.0,1.0,480.0,186557.0,96255.0,480.0,187896.0,187896.0,175867.0
Bangladesh,BD,BGD,50,SEA,2017,866.0,480.0,1.0,480.0,202584.0,112379.0,480.0,202584.0,202584.0,189978.0
Bangladesh,BD,BGD,50,SEA,2018,865.0,480.0,1.0,480.0,221259.0,123895.0,297.07307692307694,63441.11330049261,30194.145161290322,29002.339805825242
Belarus,BY,BLR,112,EUR,2015,2.0,1.0,0.0,235.1094890510949,40706.675276752765,7182.249011857708,297.07307692307694,63441.11330049261,30194.145161290322,29002.339805825242
Belarus,BY,BLR,112,EUR,2016,8.0,8.0,0.5492957746478874,0.0,40706.675276752765,0.0,297.07307692307694,63441.11330049261,30194.145161290322,29002.339805825242
Belarus,BY,BLR,112,EUR,2017,8.0,8.0,0.0,235.1094890510949,40706.675276752765,7182.249011857708,297.07307692307694,63441.11330049261,30194.145161290322,29002.339805825242
Belarus,BY,BLR,112,EUR,2018,8.0,8.0,0.0,235.1094890510949,40706.675276752765,7182.249011857708,297.07307692307694,63441.11330049261,30194.145161290322,29002.339805825242
Benin,BJ,BEN,204,AFR,2014,57.0,232.03787878787878,0.5492957746478874,235.1094890510949,40706.675276752765,7182.249011857708,297.07307692307694,63441.11330049261,30194.145161290322,29002.339805825242
Benin,BJ,BEN,204,AFR,2015,57.0,57.0,0.0,235.1094890510949,40706.675276752765,7182.249011857708,297.07307692307694,63441.11330049261,30194.145161290322,29002.339805825242
Benin,BJ,BEN,204,AFR,2016,70.0,70.0,0.0,235.1094890510949,40706.675276752765,7182.249011857708,297.07307692307694,63441.11330049261,30194.145161290322,29002.339805825242
Benin,BJ,BEN,204,AFR,2017,70.0,70.0,0.0,235.1094890510949,40706.675276752765,7182.249011857708,297.07307692307694,63441.11330049261,30194.145161290322,29002.339805825242
Benin,BJ,BEN,204,AFR,2018,76.0,76.0,0.0,235.1094890510949,40706.675276752765,7182.249011857708,297.07307692307694,63441.11330049261,30194.145161290322,29002.339805825242
Bhutan,BT,BTN,64,SEA,2014,423.88524590163934,232.03787878787878,0.5492957746478874,235.1094890510949,1011.0,7182.249011857708,297.07307692307694,63441.11330049261,30194.145161290322,29002.339805825242
Bhutan,BT,BTN,64,SEA,2015,32.0,32.0,0.0,235.1094890510949,40706.675276752765,7182.249011857708,297.07307692307694,63441.11330049261,30194.145161290322,29002.339805825242
Bhutan,BT,BTN,64,SEA,2016,210.0,210.0,0.0,235.1094890510949,40706.675276752765,7182.249011857708,297.07307692307694,63441.11330049261,30194.145161290322,29002.339805825242
Bhutan,BT,BTN,64,SEA,2017,210.0,210.0,0.0,235.1094890510949,40706.675276752765,7182.249011857708,297.07307692307694,63441.11330049261,30194.145161290322,29002.339805825242
Bhutan,BT,BTN,64,SEA,2018,32.0,0.0,0.0,235.1094890510949,40706.675276752765,7182.249011857708,297.07307692307694,63441.11330049261,30194.145161290322,29002.339805825242
Bolivia (Plurinational State of),BO,BOL,68,AMR,2015,2717.0,232.03787878787878,0.0,235.1094890510949,40706.675276752765,7182.249011857708,297.07307692307694,63441.11330049261,30194.145161290322,29002.339805825242
Bolivia (Plurinational State of),BO,BOL,68,AMR,2016,120.0,232.03787878787878,0.0,235.1094890510949,40706.675276752765,7182.249011857708,297.07307692307694,63441.11330049261,30194.145161290322,29002.339805825242
Bolivia (Plurinational State of),BO,BOL,68,AMR,2018,110.0,0.0,0.0,235.1094890510949,40706.675276752765,7182.249011857708,297.07307692307694,63441.11330049261,30194.145161290322,29002.339805825242
Bosnia and Herzegovina,BA,BIH,70,EUR,2014,423.88524590163934,232.03787878787878,0.5492957746478874,235.1094890510949,40706.675276752765,7182.249011857708,1.0,23.0,23.0,18.0
Bosnia and Herzegovina,BA,BIH,70,EUR,2015,17.0,17.0,1.0,1.0,11.0,11.0,297.07307692307694,63441.11330049261,30194.145161290322,29002.339805825242
Bosnia and Herzegovina,BA,BIH,70,EUR,2016,17.0,17.0,0.0,235.1094890510949,40706.675276752765,7182.249011857708,297.07307692307694,63441.11330049261,30194.145161290322,29002.339805825242
Bosnia and Herzegovina,BA,BIH,70,EUR,2017,17.0,17.0,0.0,235.1094890510949,40706.675276752765,7182.249011857708,297.07307692307694,63441.11330049261,30194.145161290322,29002.339805825242
Bosnia and Herzegovina,BA,BIH,70,EUR,2018,17.0,17.0,0.0,235.1094890510949,40706.675276752765,7182.249011857708,297.07307692307694,63441.11330049261,30194.145161290322,29002.339805825242
Botswana,BW,BWA,72,AFR,2013,423.88524590163934,232.03787878787878,0.5492957746478874,235.1094890510949,40706.675276752765,7182.249011857708,27.0,63441.11330049261,5316.0,3605.0
Botswana,BW,BWA,72,AFR,2014,27.0,232.03787878787878,0.5492957746478874,27.0,6019.0,7182.249011857708,27.0,6542.0,4008.0,3574.0
Botswana,BW,BWA,72,AFR,2015,27.0,27.0,1.0,27.0,5086.0,7182.249011857708,27.0,6109.0,3831.0,3215.0
Botswana,BW,BWA,72,AFR,2016,27.0,27.0,1.0,0.0,0.0,0.0,297.07307692307694,63441.11330049261,30194.145161290322,29002.339805825242
Botswana,BW,BWA,72,AFR,2017,27.0,27.0,0.0,235.1094890510949,40706.675276752765,7182.249011857708,297.07307692307694,63441.11330049261,30194.145161290322,29002.339805825242
Botswana,BW,BWA,72,AFR,2018,27.0,27.0,0.0,235.1094890510949,40706.675276752765,7182.249011857708,297.07307692307694,63441.11330049261,30194.145161290322,29002.339805825242
Brazil,BR,BRA,76,AMR,2015,423.88524590163934,232.03787878787878,0.0,235.1094890510949,40706.675276752765,7182.249011857708,297.07307692307694,63441.11330049261,30194.145161290322,29002.339805825242
Brazil,BR,BRA,76,AMR,2016,423.88524590163934,232.03787878787878,0.0,235.1094890510949,40706.675276752765,7182.249011857708,297.07307692307694,63441.11330049261,30194.145161290322,29002.339805825242
Brazil,BR,BRA,76,AMR,2017,423.88524590163934,232.03787878787878,0.0,235.1094890510949,40706.675276752765,7182.249011857708,297.07307692307694,63441.11330049261,30194.145161290322,29002.339805825242
Brazil,BR,BRA,76,AMR,2018,423.88524590163934,232.03787878787878,0.0,235.1094890510949,40706.675276752765,7182.249011857708,297.07307692307694,63441.11330049261,30194.145161290322,29002.339805825242
Bulgaria,BG,BGR,100,EUR,2013,423.88524590163934,232.03787878787878,0.5492957746478874,235.1094890510949,40706.675276752765,7182.249011857708,22.0,63441.11330049261,218.0,29002.339805825242
Bulgaria,BG,BGR,100,EUR,2014,423.88524590163934,232.03787878787878,0.5492957746478874,22.0,1555.0,229.0,22.0,1872.0,351.0,229.0
Bulgaria,BG,BGR,100,EUR,2015,30.0,23.0,1.0,20.0,1566.0,1566.0,23.0,1660.0,280.0,190.0
Bulgaria,BG,BGR,100,EUR,2016,30.0,23.0,1.0,23.0,1524.0,1524.0,23.0,63441.11330049261,30194.145161290322,29002.339805825242
Bulgaria,BG,BGR,100,EUR,2017,30.0,23.0,1.0,23.0,1408.0,1408.0,23.0,1358.0,97.0,97.0
Bulgaria,BG,BGR,100,EUR,2018,30.0,23.0,1.0,23.0,1290.0,1290.0,297.07307692307694,63441.11330049261,30194.145161290322,29002.339805825242
Burkina Faso,BF,BFA,854,AFR,2013,423.88524590163934,232.03787878787878,0.5492957746478874,235.1094890510949,40706.675276752765,7182.249011857708,30.0,63441.11330049261,1569.0,29002.339805825242
Burkina Faso,BF,BFA,854,AFR,2014,86.0,232.03787878787878,0.5492957746478874,86.0,5546.0,299.0,297.07307692307694,63441.11330049261,30194.145161290322,29002.339805825242
Burkina Faso,BF,BFA,854,AFR,2015,86.0,30.0,0.0,235.1094890510949,40706.675276752765,7182.249011857708,0.0,0.0,0.0,0.0
Burkina Faso,BF,BFA,854,AFR,2016,89.0,86.0,1.0,86.0,5543.0,79.0,37.0,5918.0,457.0,176.0
Burkina Faso,BF,BFA,854,AFR,2017,90.0,64.0,1.0,64.0,4044.0,103.0,21.0,554.0,554.0,440.0
Burkina Faso,BF,BFA,854,AFR,2018,97.0,27.0,1.0,27.0,1991.0,278.0,297.07307692307694,63441.11330049261,30194.145161290322,29002.339805825242
Burundi,BI,BDI,108,AFR,2013,423.88524590163934,232.03787878787878,0.5492957746478874,235.1094890510949,40706.675276752765,7182.249011857708,17.0,63441.11330049261,1335.0,1320.0
Burundi,BI,BDI,108,AFR,2014,17.0,232.03787878787878,0.5492957746478874,17.0,7309.0,796.0,169.0,7309.0,796.0,758.0
Burundi,BI,BDI,108,AFR,2015,169.0,169.0,1.0,169.0,4260.0,514.0,170.0,514.0,514.0,508.0
Burundi,BI,BDI,108,AFR,2016,170.0,170.0,1.0,170.0,7567.0,382.0,170.0,382.0,361.0,361.0
Burundi,BI,BDI,108,AFR,2017,170.0,170.0,1.0,170.0,7760.0,382.0,170.0,264.0,264.0,264.0
Burundi,BI,BDI,108,AFR,2018,170.0,170.0,1.0,170.0,7202.0,264.0,297.07307692307694,63441.11330049261,30194.145161290322,29002.339805825242
Cabo Verde,CV,CPV,132,AFR,2013,423.88524590163934,232.03787878787878,0.5492957746478874,235.1094890510949,40706.675276752765,7182.249011857708,0.0,63441.11330049261,0.0,0.0
Cabo Verde,CV,CPV,132,AFR,2014,22.0,232.03787878787878,0.5492957746478874,0.0,0.0,0.0,297.07307692307694,63441.11330049261,30194.145161290322,29002.339805825242
Cabo Verde,CV,CPV,132,AFR,2015,22.0,0.0,0.0,235.1094890510949,40706.675276752765,7182.249011857708,297.07307692307694,63441.11330049261,30194.145161290322,29002.339805825242
Cabo Verde,CV,CPV,132,AFR,2016,22.0,0.0,0.0,235.1094890510949,40706.675276752765,7182.249011857708,297.07307692307694,63441.11330049261,30194.145161290322,29002.339805825242
Cabo Verde,CV,CPV,132,AFR,2017,22.0,0.0,0.0,235.1094890510949,40706.675276752765,7182.249011857708,297.07307692307694,63441.11330049261,30194.145161290322,29002.339805825242
Cabo Verde,CV,CPV,132,AFR,2018,22.0,0.0,0.0,235.1094890510949,40706.675276752765,7182.249011857708,297.07307692307694,63441.11330049261,30194.145161290322,29002.339805825242
Cambodia,KH,KHM,116,WPR,2014,93.0,232.03787878787878,0.5492957746478874,43.0,19425.0,14115.0,43.0,20484.0,16133.0,29002.339805825242
Cambodia,KH,KHM,116,WPR,2015,91.0,64.0,1.0,62.0,25523.0,6634.0,62.0,25523.0,6634.0,29002.339805825242
Cambodia,KH,KHM,116,WPR,2016,98.0,62.0,1.0,62.0,24441.0,6735.0,297.07307692307694,63441.11330049261,30194.145161290322,29002.339805825242
Cambodia,KH,KHM,116,WPR,2017,100.0,66.0,1.0,66.0,25780.0,8702.0,297.07307692307694,63441.11330049261,30194.145161290322,29002.339805825242
Cambodia,KH,KHM,116,WPR,2018,100.0,46.0,1.0,46.0,17719.0,7864.0,297.07307692307694,63441.11330049261,30194.145161290322,29002.339805825242
Cameroon,CM,CMR,120,AFR,2013,423.88524590163934,232.03787878787878,0.5492957746478874,235.1094890510949,40706.675276752765,7182.249011857708,0.0,63441.11330049261,0.0,0.0
Cameroon,CM,CMR,120,AFR,2014,242.0,232.03787878787878,0.5492957746478874,0.0,0.0,0.0,297.07307692307694,63441.11330049261,30194.145161290322,29002.339805825242
Cameroon,CM,CMR,120,AFR,2015,242.0,232.03787878787878,0.0,235.1094890510949,40706.675276752765,7182.249011857708,297.07307692307694,63441.11330049261,30194.145161290322,29002.339805825242
Cameroon,CM,CMR,120,AFR,2016,248.0,60.0,0.0,235.1094890510949,40706.675276752765,7182.249011857708,297.07307692307694,63441.11330049261,30194.145161290322,29002.339805825242
Cameroon,CM,CMR,120,AFR,2017,253.0,60.0,0.0,235.1094890510949,40706.675276752765,7182.249011857708,297.07307692307694,63441.11330049261,30194.145161290322,29002.339805825242
Cameroon,CM,CMR,120,AFR,2018,254.0,36.0,0.0,235.1094890510949,40706.675276752765,7182.249011857708,297.07307692307694,63441.11330049261,30194.145161290322,29002.339805825242
Central African Republic,CF,CAF,140,AFR,2014,24.0,232.03787878787878,0.5492957746478874,235.1094890510949,40706.675276752765,7182.249011857708,297.07307692307694,63441.11330049261,30194.145161290322,29002.339805825242
Central African Republic,CF,CAF,140,AFR,2015,80.0,80.0,0.0,235.1094890510949,40706.675276752765,7182.249011857708,297.07307692307694,63441.11330049261,30194.145161290322,29002.339805825242
Central African Republic,CF,CAF,140,AFR,2016,80.0,80.0,0.0,235.1094890510949,40706.675276752765,7182.249011857708,297.07307692307694,63441.11330049261,30194.145161290322,29002.339805825242
Central African Republic,CF,CAF,140,AFR,2017,80.0,80.0,0.0,235.1094890510949,40706.675276752765,7182.249011857708,297.07307692307694,63441.11330049261,30194.145161290322,29002.339805825242
Central African Republic,CF,CAF,140,AFR,2018,80.0,80.0,0.0,235.1094890510949,40706.675276752765,7182.249011857708,297.07307692307694,63441.11330049261,30194.145161290322,29002.339805825242
Chad,TD,TCD,148,AFR,2013,423.88524590163934,232.03787878787878,0.5492957746478874,235.1094890510949,40706.675276752765,7182.249011857708,0.0,63441.11330049261,0.0,0.0
Chad,TD,TCD,148,AFR,2014,0.0,232.03787878787878,0.5492957746478874,0.0,0.0,0.0,297.07307692307694,63441.11330049261,30194.145161290322,29002.339805825242
Chad,TD,TCD,148,AFR,2015,76.0,0.0,0.0,235.1094890510949,40706.675276752765,7182.249011857708,297.07307692307694,63441.11330049261,30194.145161290322,29002.339805825242
Chad,TD,TCD,148,AFR,2016,76.0,3.0,0.0,235.1094890510949,40706.675276752765,7182.249011857708,297.07307692307694,63441.11330049261,30194.145161290322,29002.339805825242
Chad,TD,TCD,148,AFR,2017,78.0,17.0,0.0,235.1094890510949,40706.675276752765,7182.249011857708,0.0,0.0,0.0,0.0
Chad,TD,TCD,148,AFR,2018,12.0,12.0,1.0,12.0,0.0,0.0,297.07307692307694,63441.11330049261,30194.145161290322,29002.339805825242
Colombia,CO,COL,170,AMR,2015,36.0,19.0,1.0,18.0,4863.0,59.0,12.0,63441.11330049261,162.0,92.0
Colombia,CO,COL,170,AMR,2016,37.0,15.0,1.0,14.0,9024.0,43.0,8.0,343.0,13.0,12.0
Colombia,CO,COL,170,AMR,2017,37.0,8.0,1.0,8.0,1500.0,121.0,297.07307692307694,63441.11330049261,30194.145161290322,29002.339805825242
Colombia,CO,COL,170,AMR,2018,37.0,37.0,0.0,235.1094890510949,40706.675276752765,7182.249011857708,297.07307692307694,63441.11330049261,30194.145161290322,29002.339805825242
Congo,CG,COG,178,AFR,2015,2.0,2.0,0.0,235.1094890510949,40706.675276752765,7182.249011857708,1.0,0.0,0.0,0.0
Congo,CG,COG,178,AFR,2016,1.0,1.0,1.0,1.0,157.0,135.0,1.0,740.0,740.0,688.0
Congo,CG,COG,178,AFR,2017,2.0,1.0,1.0,1.0,1002.0,1002.0,297.07307692307694,63441.11330049261,30194.145161290322,29002.339805825242
Congo,CG,COG,178,AFR,2018,2.0,2.0,0.0,235.1094890510949,40706.675276752765,7182.249011857708,297.07307692307694,63441.11330049261,30194.145161290322,29002.339805825242
Côte d'Ivoire,CI,CIV,384,AFR,2013,423.88524590163934,232.03787878787878,0.5492957746478874,235.1094890510949,40706.675276752765,7182.249011857708,134.0,63441.11330049261,7785.0,6115.0
Côte d'Ivoire,CI,CIV,384,AFR,2014,184.0,232.03787878787878,0.5492957746478874,151.0,22622.0,8165.0,17.0,22622.0,11858.0,9480.0
Côte d'Ivoire,CI,CIV,384,AFR,2015,17.0,17.0,1.0,17.0,21196.0,2342.0,245.0,22879.0,5178.0,4194.0
Côte d'Ivoire,CI,CIV,384,AFR,2016,245.0,245.0,1.0,245.0,21357.0,2668.0,245.0,21357.0,10757.0,8752.0
Côte d'Ivoire,CI,CIV,384,AFR,2017,269.0,269.0,1.0,269.0,20939.0,4894.0,307.0,21307.0,16951.0,14272.0
Côte d'Ivoire,CI,CIV,384,AFR,2018,307.0,307.0,1.0,307.0,21034.0,4974.0,297.07307692307694,63441.11330049261,30194.145161290322,29002.339805825242
Democratic Republic of the Congo,CD,COD,180,AFR,2013,423.88524590163934,232.03787878787878,0.5492957746478874,235.1094890510949,40706.675276752765,7182.249011857708,95.0,63441.11330049261,7202.0,6270.0
Democratic Republic of the Congo,CD,COD,180,AFR,2014,516.0,232.03787878787878,0.5492957746478874,95.0,22346.0,12649.0,232.0,3024.0,1061.0,867.0
Democratic Republic of the Congo,CD,COD,180,AFR,2015,516.0,234.0,1.0,228.0,5629.0,5629.0,302.0,12410.0,8468.0,7452.0
Democratic Republic of the Congo,CD,COD,180,AFR,2016,517.0,302.0,1.0,302.0,28841.0,24810.0,261.0,9326.0,8949.0,8054.0
Democratic Republic of the Congo,CD,COD,180,AFR,2017,517.0,381.0,1.0,381.0,25002.0,12509.0,517.0,91368.0,20367.0,12516.0
Democratic Republic of the Congo,CD,COD,180,AFR,2018,517.0,517.0,1.0,517.0,171682.0,39456.0,297.07307692307694,63441.11330049261,30194.145161290322,29002.339805825242
Dominican Republic,DO,DOM,214,AMR,2014,423.88524590163934,232.03787878787878,0.5492957746478874,235.1094890510949,40706.675276752765,7182.249011857708,0.0,0.0,0.0,0.0
Dominican Republic,DO,DOM,214,AMR,2015,1609.0,199.0,1.0,22.0,25.0,0.0,0.0,0.0,0.0,0.0
Dominican Republic,DO,DOM,214,AMR,2016,1620.0,199.0,1.0,0.0,0.0,0.0,297.07307692307694,63441.11330049261,30194.145161290322,29002.339805825242
Dominican Republic,DO,DOM,214,AMR,2017,1689.0,199.0,1.0,235.1094890510949,40706.675276752765,7182.249011857708,297.07307692307694,63441.11330049261,30194.145161290322,29002.339805825242
Dominican Republic,DO,DOM,214,AMR,2018,1689.0,199.0,0.0,235.1094890510949,40706.675276752765,7182.249011857708,297.07307692307694,63441.11330049261,30194.145161290322,29002.339805825242
Ecuador,EC,ECU,218,AMR,2015,1884.0,447.0,0.0,235.1094890510949,40706.675276752765,7182.249011857708,297.07307692307694,63441.11330049261,30194.145161290322,29002.339805825242
Ecuador,EC,ECU,218,AMR,2016,2166.0,122.0,0.0,235.1094890510949,40706.675276752765,7182.249011857708,297.07307692307694,63441.11330049261,30194.145161290322,29002.339805825242
Ecuador,EC,ECU,218,AMR,2017,2166.0,122.0,0.0,235.1094890510949,40706.675276752765,7182.249011857708,297.07307692307694,63441.11330049261,30194.145161290322,29002.339805825242
Ecuador,EC,ECU,218,AMR,2018,2166.0,122.0,0.0,235.1094890510949,40706.675276752765,7182.249011857708,297.07307692307694,63441.11330049261,30194.145161290322,29002.339805825242
Egypt,EG,EGY,818,EMR,2015,162.0,0.0,0.0,235.1094890510949,40706.675276752765,7182.249011857708,297.07307692307694,63441.11330049261,30194.145161290322,29002.339805825242
Egypt,EG,EGY,818,EMR,2016,162.0,0.0,0.0,235.1094890510949,40706.675276752765,7182.249011857708,297.07307692307694,63441.11330049261,30194.145161290322,29002.339805825242
Egypt,EG,EGY,818,EMR,2017,162.0,0.0,0.0,235.1094890510949,40706.675276752765,7182.249011857708,297.07307692307694,63441.11330049261,30194.145161290322,29002.339805825242
Egypt,EG,EGY,818,EMR,2018,162.0,0.0,0.0,235.1094890510949,40706.675276752765,7182.249011857708,297.07307692307694,63441.11330049261,30194.145161290322,29002.339805825242
El Salvador,SV,SLV,222,AMR,2014,423.88524590163934,232.03787878787878,0.5492957746478874,235.1094890510949,40706.675276752765,7182.249011857708,17.0,2192.0,420.0,261.0
El Salvador,SV,SLV,222,AMR,2015,17.0,17.0,1.0,17.0,2452.0,380.0,17.0,2452.0,380.0,230.0
El Salvador,SV,SLV,222,AMR,2016,17.0,17.0,1.0,17.0,3032.0,460.0,17.0,3032.0,460.0,360.0
El Salvador,SV,SLV,222,AMR,2017,17.0,17.0,1.0,17.0,3671.0,117.0,17.0,3671.0,454.0,300.0
El Salvador,SV,SLV,222,AMR,2018,17.0,17.0,1.0,17.0,3615.0,75.0,297.07307692307694,63441.11330049261,30194.145161290322,29002.339805825242
Eritrea,ER,ERI,232,AFR,2013,423.88524590163934,232.03787878787878,0.5492957746478874,235.1094890510949,40706.675276752765,7182.249011857708,69.0,63441.11330049261,30194.145161290322,29002.339805825242
Eritrea,ER,ERI,232,AFR,2014,69.0,232.03787878787878,0.5492957746478874,69.0,2391.0,102.0,60.0,2425.0,519.0,515.0
Eritrea,ER,ERI,232,AFR,2015,60.0,60.0,1.0,60.0,2060.0,989.0,73.0,2095.0,524.0,29002.339805825242
Eritrea,ER,ERI,232,AFR,2016,73.0,73.0,1.0,73.0,2215.0,1498.0,73.0,2246.0,538.0,29002.339805825242
Eritrea,ER,ERI,232,AFR,2017,73.0,73.0,1.0,73.0,2081.0,78.0,74.0,2081.0,538.0,29002.339805825242
Eritrea,ER,ERI,232,AFR,2018,75.0,75.0,1.0,75.0,1872.0,90.0,297.07307692307694,63441.11330049261,30194.145161290322,29002.339805825242
Eswatini,SZ,SWZ,748,AFR,2014,87.0,232.03787878787878,0.5492957746478874,235.1094890510949,40706.675276752765,7182.249011857708,94.0,5582.0,3804.0,29002.339805825242
Eswatini,SZ,SWZ,748,AFR,2015,104.0,104.0,1.0,104.0,4567.0,7182.249011857708,109.0,4567.0,4567.0,3498.0
Eswatini,SZ,SWZ,748,AFR,2016,111.0,111.0,1.0,111.0,3806.0,108.0,111.0,3806.0,3806.0,3159.0
Eswatini,SZ,SWZ,748,AFR,2017,125.0,125.0,1.0,125.0,3164.0,836.0,125.0,3544.0,3544.0,3043.0
Eswatini,SZ,SWZ,748,AFR,2018,130.0,130.0,1.0,130.0,3151.0,285.0,297.07307692307694,63441.11330049261,30194.145161290322,29002.339805825242
Ethiopia,ET,ETH,231,AFR,2013,423.88524590163934,232.03787878787878,0.5492957746478874,235.1094890510949,40706.675276752765,7182.249011857708,760.0,63441.11330049261,11314.0,29002.339805825242
Ethiopia,ET,ETH,231,AFR,2014,957.0,232.03787878787878,0.5492957746478874,364.0,37772.0,14399.0,722.0,68562.0,18103.0,29002.339805825242
Ethiopia,ET,ETH,231,AFR,2015,961.0,961.0,1.0,722.0,98392.0,56267.0,890.0,74607.0,21600.0,18644.0
Ethiopia,ET,ETH,231,AFR,2016,912.0,890.0,1.0,890.0,125836.0,43055.0,758.0,116725.0,21449.0,19864.0
Ethiopia,ET,ETH,231,AFR,2017,912.0,912.0,1.0,912.0,116725.0,21020.0,785.0,116725.0,12915.0,29002.339805825242
Ethiopia,ET,ETH,231,AFR,2018,912.0,912.0,1.0,813.0,114233.0,15808.0,297.07307692307694,63441.11330049261,30194.145161290322,29002.339805825242
Fiji,FJ,FJI,242,WPR,2014,423.88524590163934,232.03787878787878,0.5492957746478874,235.1094890510949,40706.675276752765,7182.249011857708,3.0,315.0,15.0,14.0
Fiji,FJ,FJI,242,WPR,2015,3.0,3.0,1.0,3.0,363.0,7.0,3.0,341.0,30194.145161290322,29002.339805825242
Fiji,FJ,FJI,242,WPR,2016,3.0,3.0,1.0,3.0,312.0,12.0,3.0,136.0,86.0,84.0
Fiji,FJ,FJI,242,WPR,2017,3.0,3.0,1.0,3.0,357.0,14.0,297.07307692307694,63441.11330049261,30194.145161290322,29002.339805825242
Fiji,FJ,FJI,242,WPR,2018,3.0,0.0,0.0,235.1094890510949,40706.675276752765,7182.249011857708,297.07307692307694,63441.11330049261,30194.145161290322,29002.339805825242
Gabon,GA,GAB,266,AFR,2013,423.88524590163934,232.03787878787878,0.5492957746478874,235.1094890510949,40706.675276752765,7182.249011857708,0.0,63441.11330049261,0.0,0.0
Gabon,GA,GAB,266,AFR,2014,0.0,232.03787878787878,0.5492957746478874,0.0,0.0,0.0,297.07307692307694,63441.11330049261,30194.145161290322,29002.339805825242
Gabon,GA,GAB,266,AFR,2015,0.0,0.0,0.0,235.1094890510949,40706.675276752765,7182.249011857708,297.07307692307694,63441.11330049261,30194.145161290322,29002.339805825242
Gabon,GA,GAB,266,AFR,2016,0.0,0.0,0.0,235.1094890510949,40706.675276752765,7182.249011857708,3.0,0.0,0.0,0.0
Gabon,GA,GAB,266,AFR,2017,14.0,3.0,1.0,3.0,203.0,203.0,297.07307692307694,63441.11330049261,30194.145161290322,29002.339805825242
Gabon,GA,GAB,266,AFR,2018,1.0,1.0,0.0,235.1094890510949,40706.675276752765,7182.249011857708,297.07307692307694,63441.11330049261,30194.145161290322,29002.339805825242
Gambia,GM,GMB,270,AFR,2014,38.0,232.03787878787878,0.5492957746478874,235.1094890510949,40706.675276752765,7182.249011857708,297.07307692307694,63441.11330049261,30194.145161290322,29002.339805825242
Gambia,GM,GMB,270,AFR,2015,40.0,0.0,0.0,235.1094890510949,40706.675276752765,7182.249011857708,297.07307692307694,63441.11330049261,30194.145161290322,29002.339805825242
Gambia,GM,GMB,270,AFR,2016,40.0,30.0,0.0,235.1094890510949,40706.675276752765,7182.249011857708,297.07307692307694,63441.11330049261,30194.145161290322,29002.339805825242
Gambia,GM,GMB,270,AFR,2017,45.0,45.0,0.0,235.1094890510949,40706.675276752765,7182.249011857708,297.07307692307694,63441.11330049261,30194.145161290322,29002.339805825242
Gambia,GM,GMB,270,AFR,2018,45.0,35.0,0.0,235.1094890510949,40706.675276752765,7182.249011857708,297.07307692307694,63441.11330049261,30194.145161290322,29002.339805825242
Georgia,GE,GEO,268,EUR,2013,423.88524590163934,232.03787878787878,0.5492957746478874,235.1094890510949,40706.675276752765,7182.249011857708,1.0,63441.11330049261,29.0,26.0
Georgia,GE,GEO,268,EUR,2014,77.0,232.03787878787878,0.5492957746478874,3.0,34.0,28.0,4.0,64.0,31.0,29.0
Georgia,GE,GEO,268,EUR,2015,77.0,6.0,1.0,6.0,143.0,32.0,297.07307692307694,63441.11330049261,30194.145161290322,29002.339805825242
Georgia,GE,GEO,268,EUR,2016,71.0,5.0,0.0,235.1094890510949,40706.675276752765,7182.249011857708,297.07307692307694,63441.11330049261,30194.145161290322,29002.339805825242
Georgia,GE,GEO,268,EUR,2017,68.0,5.0,0.0,235.1094890510949,40706.675276752765,7182.249011857708,297.07307692307694,63441.11330049261,30194.145161290322,29002.339805825242
Georgia,GE,GEO,268,EUR,2018,68.0,5.0,0.0,235.1094890510949,40706.675276752765,7182.249011857708,297.07307692307694,63441.11330049261,30194.145161290322,29002.339805825242
Ghana,GH,GHA,288,AFR,2013,423.88524590163934,232.03787878787878,0.5492957746478874,235.1094890510949,40706.675276752765,7182.249011857708,216.0,63441.11330049261,11392.0,29002.339805825242
Ghana,GH,GHA,288,AFR,2014,216.0,232.03787878787878,0.5492957746478874,49.0,1985.0,326.0,216.0,15276.0,11457.0,9750.0
Ghana,GH,GHA,288,AFR,2015,216.0,216.0,1.0,46.0,848.0,506.0,216.0,14999.0,9750.0,8287.0
Ghana,GH,GHA,288,AFR,2016,216.0,216.0,1.0,46.0,3120.0,1242.0,216.0,14675.0,6603.0,5613.0
Ghana,GH,GHA,288,AFR,2017,216.0,216.0,1.0,20.0,1256.0,703.0,216.0,8730.0,8730.0,7682.0
Ghana,GH,GHA,288,AFR,2018,216.0,216.0,1.0,216.0,13974.0,4287.0,297.07307692307694,63441.11330049261,30194.145161290322,29002.339805825242
Guatemala,GT,GTM,320,AMR,2015,338.0,338.0,0.0,235.1094890510949,40706.675276752765,7182.249011857708,297.07307692307694,63441.11330049261,30194.145161290322,29002.339805825242
Guatemala,GT,GTM,320,AMR,2016,338.0,338.0,0.0,235.1094890510949,40706.675276752765,7182.249011857708,297.07307692307694,63441.11330049261,30194.145161290322,29002.339805825242
Guatemala,GT,GTM,320,AMR,2017,338.0,270.0,0.0,235.1094890510949,40706.675276752765,7182.249011857708,297.07307692307694,63441.11330049261,30194.145161290322,29002.339805825242
Guatemala,GT,GTM,320,AMR,2018,338.0,270.0,0.0,235.1094890510949,40706.675276752765,7182.249011857708,297.07307692307694,63441.11330049261,30194.145161290322,29002.339805825242
Guinea,GN,GIN,324,AFR,2013,423.88524590163934,232.03787878787878,0.5492957746478874,235.1094890510949,40706.675276752765,7182.249011857708,55.0,63441.11330049261,1307.0,1046.0
Guinea,GN,GIN,324,AFR,2014,465.0,232.03787878787878,0.5492957746478874,55.0,11734.0,1307.0,11.0,1347.0,1307.0,1207.0
Guinea,GN,GIN,324,AFR,2015,55.0,11.0,1.0,11.0,1347.0,67.0,14.0,4546.0,436.0,388.0
Guinea,GN,GIN,324,AFR,2016,55.0,14.0,1.0,14.0,4546.0,1045.0,14.0,4548.0,436.0,388.0
Guinea,GN,GIN,324,AFR,2017,28.0,28.0,1.0,22.0,4783.0,649.0,29.0,4783.0,646.0,508.0
Guinea,GN,GIN,324,AFR,2018,29.0,29.0,1.0,29.0,5484.0,1086.0,297.07307692307694,63441.11330049261,30194.145161290322,29002.339805825242
Guinea-Bissau,GW,GNB,624,AFR,2014,20.0,232.03787878787878,0.5492957746478874,235.1094890510949,40706.675276752765,7182.249011857708,297.07307692307694,63441.11330049261,30194.145161290322,29002.339805825242
Guinea-Bissau,GW,GNB,624,AFR,2015,132.0,132.0,0.0,235.1094890510949,40706.675276752765,7182.249011857708,20.0,2141.0,320.0,29002.339805825242
Guinea-Bissau,GW,GNB,624,AFR,2016,20.0,20.0,1.0,235.1094890510949,40706.675276752765,7182.249011857708,20.0,2141.0,320.0,29002.339805825242
Guinea-Bissau,GW,GNB,624,AFR,2017,20.0,20.0,1.0,235.1094890510949,40706.675276752765,7182.249011857708,297.07307692307694,63441.11330049261,30194.145161290322,29002.339805825242
Guinea-Bissau,GW,GNB,624,AFR,2018,20.0,20.0,0.0,235.1094890510949,40706.675276752765,7182.249011857708,297.07307692307694,63441.11330049261,30194.145161290322,29002.339805825242
Guyana,GY,GUY,328,AMR,2015,18.0,18.0,1.0,18.0,571.0,137.0,18.0,647.0,96.0,29002.339805825242
Guyana,GY,GUY,328,AMR,2016,24.0,18.0,1.0,18.0,567.0,113.0,19.0,331.0,102.0,29002.339805825242
Guyana,GY,GUY,328,AMR,2017,25.0,19.0,1.0,19.0,525.0,331.0,19.0,331.0,199.0,29002.339805825242
Guyana,GY,GUY,328,AMR,2018,25.0,19.0,1.0,19.0,508.0,289.0,297.07307692307694,63441.11330049261,30194.145161290322,29002.339805825242
Haiti,HT,HTI,332,AMR,2015,253.0,0.0,0.0,235.1094890510949,40706.675276752765,7182.249011857708,297.07307692307694,63441.11330049261,30194.145161290322,29002.339805825242
Haiti,HT,HTI,332,AMR,2016,261.0,232.03787878787878,0.0,235.1094890510949,40706.675276752765,7182.249011857708,15.0,2524.0,2524.0,2056.0
Haiti,HT,HTI,332,AMR,2017,273.0,15.0,1.0,15.0,2708.0,2708.0,15.0,2708.0,2708.0,2615.0
Haiti,HT,HTI,332,AMR,2018,15.0,15.0,1.0,15.0,3508.0,3508.0,297.07307692307694,63441.11330049261,30194.145161290322,29002.339805825242
Honduras,HN,HND,340,AMR,2015,1723.0,1713.0,1.0,235.1094890510949,40706.675276752765,7182.249011857708,40.0,2919.0,30.0,30.0
Honduras,HN,HND,340,AMR,2016,1723.0,40.0,1.0,40.0,2896.0,1.0,40.0,2896.0,1.0,1.0
Honduras,HN,HND,340,AMR,2017,1644.0,385.0,1.0,385.0,2813.0,385.0,50.0,2813.0,0.0,0.0
Honduras,HN,HND,340,AMR,2018,423.88524590163934,400.0,1.0,400.0,2866.0,50.0,297.07307692307694,63441.11330049261,30194.145161290322,29002.339805825242
India,IN,IND,356,SEA,2013,423.88524590163934,232.03787878787878,0.5492957746478874,235.1094890510949,40706.675276752765,7182.249011857708,3394.0,63441.11330049261,736069.0,655101.0
India,IN,IND,356,SEA,2014,3394.0,232.03787878787878,0.5492957746478874,1200.0,565704.0,19713.0,4888.0,1269368.0,792964.0,602652.0
India,IN,IND,356,SEA,2015,4888.0,4888.0,1.0,1200.0,582678.0,18739.0,5581.0,1983615.0,803446.0,629584.0
India,IN,IND,356,SEA,2016,5581.0,5581.0,1.0,1200.0,687911.0,22013.0,5581.0,1983615.0,789349.0,615692.0
India,IN,IND,356,SEA,2017,6819.0,6819.0,1.0,1256.0,625499.0,36129.0,6018.0,1908371.0,759532.0,592435.0
India,IN,IND,356,SEA,2018,6113.0,6113.0,1.0,1265.0,625476.0,37625.0,297.07307692307694,63441.11330049261,30194.145161290322,29002.339805825242
Indonesia,ID,IDN,360,SEA,2013,423.88524590163934,232.03787878787878,0.5492957746478874,235.1094890510949,40706.675276752765,7182.249011857708,27.0,63441.11330049261,4218.0,3836.0
Indonesia,ID,IDN,360,SEA,2014,511.0,232.03787878787878,0.5492957746478874,47.0,80290.0,8707.0,47.0,80290.0,7125.0,6169.0
Indonesia,ID,IDN,360,SEA,2015,514.0,47.0,1.0,47.0,91476.0,57217.0,46.0,94201.0,10046.0,8694.0
Indonesia,ID,IDN,360,SEA,2016,514.0,100.0,1.0,100.0,177414.0,18702.0,103.0,184578.0,19443.0,16809.0
Indonesia,ID,IDN,360,SEA,2017,514.0,159.0,1.0,159.0,278268.0,43818.0,159.0,278268.0,30295.0,24058.0
Indonesia,ID,IDN,360,SEA,2018,514.0,191.0,1.0,191.0,341827.0,29055.0,297.07307692307694,63441.11330049261,30194.145161290322,29002.339805825242
Iran (Islamic Republic of),IR,IRN,364,EMR,2014,423.88524590163934,232.03787878787878,0.5492957746478874,235.1094890510949,40706.675276752765,7182.249011857708,436.0,10462.0,0.0,0.0
Iran (Islamic Republic of),IR,IRN,364,EMR,2015,436.0,436.0,1.0,436.0,10215.0,122.0,436.0,10173.0,185.0,157.0
Iran (Islamic Republic of),IR,IRN,364,EMR,2016,436.0,436.0,1.0,436.0,9252.0,341.0,436.0,9205.0,64.0,54.0
Iran (Islamic Republic of),IR,IRN,364,EMR,2017,436.0,436.0,1.0,436.0,9051.0,15.0,297.07307692307694,63441.11330049261,30194.145161290322,29002.339805825242
Iran (Islamic Republic of),IR,IRN,364,EMR,2018,450.0,450.0,0.0,235.1094890510949,40706.675276752765,7182.249011857708,297.07307692307694,63441.11330049261,30194.145161290322,29002.339805825242
Iraq,IQ,IRQ,368,EMR,2015,114.0,0.0,0.0,235.1094890510949,40706.675276752765,7182.249011857708,297.07307692307694,63441.11330049261,30194.145161290322,29002.339805825242
Iraq,IQ,IRQ,368,EMR,2016,114.0,114.0,0.0,235.1094890510949,40706.675276752765,7182.249011857708,297.07307692307694,63441.11330049261,30194.145161290322,29002.339805825242
Iraq,IQ,IRQ,368,EMR,2017,114.0,114.0,0.0,235.1094890510949,40706.675276752765,7182.249011857708,297.07307692307694,63441.11330049261,30194.145161290322,29002.339805825242
Iraq,IQ,IRQ,368,EMR,2018,120.0,120.0,1.0,24.0,1001.0,50.0,297.07307692307694,63441.11330049261,30194.145161290322,29002.339805825242
Jordan,JO,JOR,400,EMR,2014,423.88524590163934,232.03787878787878,0.5492957746478874,235.1094890510949,40706.675276752765,7182.249011857708,13.0,379.0,68.0,64.0
Jordan,JO,JOR,400,EMR,2015,13.0,13.0,1.0,13.0,424.0,54.0,13.0,310.0,71.0,71.0
Jordan,JO,JOR,400,EMR,2016,13.0,13.0,0.5492957746478874,13.0,472.0,71.0,13.0,424.0,54.0,50.0
Jordan,JO,JOR,400,EMR,2017,13.0,13.0,1.0,13.0,359.0,5.0,13.0,326.0,55.0,47.0
Jordan,JO,JOR,400,EMR,2018,13.0,13.0,1.0,13.0,424.0,54.0,297.07307692307694,63441.11330049261,30194.145161290322,29002.339805825242
Kazakhstan,KZ,KAZ,398,EUR,2015,96.0,0.0,0.0,235.1094890510949,40706.675276752765,7182.249011857708,297.07307692307694,63441.11330049261,30194.145161290322,29002.339805825242
Kazakhstan,KZ,KAZ,398,EUR,2016,29.0,0.0,0.0,235.1094890510949,40706.675276752765,7182.249011857708,297.07307692307694,63441.11330049261,30194.145161290322,29002.339805825242
Kazakhstan,KZ,KAZ,398,EUR,2017,27.0,232.03787878787878,0.5492957746478874,235.1094890510949,40706.675276752765,7182.249011857708,297.07307692307694,63441.11330049261,30194.145161290322,29002.339805825242
Kazakhstan,KZ,KAZ,398,EUR,2018,19.0,232.03787878787878,1.0,7.0,249.0,249.0,297.07307692307694,63441.11330049261,30194.145161290322,29002.339805825242
Kenya,KE,KEN,404,AFR,2013,423.88524590163934,232.03787878787878,0.5492957746478874,235.1094890510949,40706.675276752765,7182.249011857708,3046.0,63441.11330049261,78813.0,67565.0
Kenya,KE,KEN,404,AFR,2014,3320.0,232.03787878787878,0.5492957746478874,798.0,39261.0,3535.0,3443.0,87508.0,78589.0,68554.0
Kenya,KE,KEN,404,AFR,2015,3510.0,3510.0,1.0,3229.0,74426.0,4368.0,293.0,81567.0,74183.0,64707.0
Kenya,KE,KEN,404,AFR,2016,293.0,293.0,1.0,257.0,67480.0,4624.0,293.0,77376.0,74605.0,63359.0
Kenya,KE,KEN,404,AFR,2017,293.0,293.0,1.0,269.0,83599.0,6952.0,289.0,84999.0,981.0,821.0
Kenya,KE,KEN,404,AFR,2018,289.0,289.0,1.0,289.0,96487.0,9427.0,297.07307692307694,63441.11330049261,30194.145161290322,29002.339805825242
Kiribati,KI,KIR,296,WPR,2013,423.88524590163934,232.03787878787878,0.5492957746478874,235.1094890510949,40706.675276752765,7182.249011857708,0.0,63441.11330049261,0.0,0.0
Kiribati,KI,KIR,296,WPR,2014,2.0,232.03787878787878,0.5492957746478874,0.0,0.0,0.0,297.07307692307694,63441.11330049261,30194.145161290322,29002.339805825242
Kiribati,KI,KIR,296,WPR,2015,1.0,1.0,0.0,235.1094890510949,40706.675276752765,7182.249011857708,297.07307692307694,63441.11330049261,30194.145161290322,29002.339805825242
Kiribati,KI,KIR,296,WPR,2016,1.0,1.0,0.0,235.1094890510949,40706.675276752765,7182.249011857708,297.07307692307694,63441.11330049261,30194.145161290322,29002.339805825242
Kiribati,KI,KIR,296,WPR,2017,1.0,1.0,0.0,235.1094890510949,40706.675276752765,7182.249011857708,1.0,394.0,394.0,351.0
Kiribati,KI,KIR,296,WPR,2018,1.0,1.0,1.0,1.0,323.0,73.0,297.07307692307694,63441.11330049261,30194.145161290322,29002.339805825242
Kyrgyzstan,KG,KGZ,417,EUR,2015,9.0,9.0,0.0,235.1094890510949,40706.675276752765,7182.249011857708,297.07307692307694,63441.11330049261,30194.145161290322,29002.339805825242
Kyrgyzstan,KG,KGZ,417,EUR,2016,9.0,3.0,0.0,235.1094890510949,40706.675276752765,7182.249011857708,297.07307692307694,63441.11330049261,30194.145161290322,29002.339805825242
Kyrgyzstan,KG,KGZ,417,EUR,2017,9.0,3.0,0.0,235.1094890510949,40706.675276752765,7182.249011857708,297.07307692307694,63441.11330049261,30194.145161290322,29002.339805825242
Kyrgyzstan,KG,KGZ,417,EUR,2018,11.0,11.0,0.0,235.1094890510949,40706.675276752765,7182.249011857708,297.07307692307694,63441.11330049261,30194.145161290322,29002.339805825242
Lao People's Democratic Republic,LA,LAO,418,WPR,2015,161.0,148.0,0.0,235.1094890510949,40706.675276752765,7182.249011857708,297.07307692307694,63441.11330049261,30194.145161290322,29002.339805825242
Lao People's Democratic Republic,LA,LAO,418,WPR,2016,163.0,163.0,0.0,235.1094890510949,40706.675276752765,7182.249011857708,297.07307692307694,63441.11330049261,30194.145161290322,29002.339805825242
Lao People's Democratic Republic,LA,LAO,418,WPR,2017,163.0,163.0,0.0,235.1094890510949,40706.675276752765,7182.249011857708,297.07307692307694,63441.11330049261,30194.145161290322,29002.339805825242
Lao People's Democratic Republic,LA,LAO,418,WPR,2018,164.0,164.0,0.0,235.1094890510949,40706.675276752765,7182.249011857708,297.07307692307694,63441.11330049261,30194.145161290322,29002.339805825242
Lebanon,LB,LBN,422,EMR,2015,8.0,0.0,0.0,235.1094890510949,40706.675276752765,7182.249011857708,297.07307692307694,63441.11330049261,30194.145161290322,29002.339805825242
Lebanon,LB,LBN,422,EMR,2016,9.0,0.0,0.0,235.1094890510949,40706.675276752765,7182.249011857708,297.07307692307694,63441.11330049261,30194.145161290322,29002.339805825242
Lebanon,LB,LBN,422,EMR,2017,9.0,0.0,0.0,235.1094890510949,40706.675276752765,7182.249011857708,297.07307692307694,63441.11330049261,30194.145161290322,29002.339805825242
Lesotho,LS,LSO,426,AFR,2013,423.88524590163934,232.03787878787878,0.5492957746478874,235.1094890510949,40706.675276752765,7182.249011857708,17.0,63441.11330049261,9649.0,6978.0
Lesotho,LS,LSO,426,AFR,2014,34.0,232.03787878787878,0.5492957746478874,17.0,9023.0,7182.249011857708,297.07307692307694,63441.11330049261,30194.145161290322,29002.339805825242
Lesotho,LS,LSO,426,AFR,2015,240.0,204.0,1.0,204.0,7060.0,65.0,0.0,63441.11330049261,30194.145161290322,29002.339805825242
Lesotho,LS,LSO,426,AFR,2016,202.0,202.0,1.0,184.0,7024.0,166.0,297.07307692307694,63441.11330049261,30194.145161290322,29002.339805825242
Lesotho,LS,LSO,426,AFR,2017,202.0,192.0,1.0,190.0,6763.0,176.0,297.07307692307694,63441.11330049261,30194.145161290322,29002.339805825242
Lesotho,LS,LSO,426,AFR,2018,10.0,10.0,1.0,10.0,7027.0,71.0,297.07307692307694,63441.11330049261,30194.145161290322,29002.339805825242
Liberia,LR,LBR,430,AFR,2013,423.88524590163934,232.03787878787878,0.5492957746478874,235.1094890510949,40706.675276752765,7182.249011857708,191.0,63441.11330049261,0.0,0.0
Liberia,LR,LBR,430,AFR,2014,191.0,232.03787878787878,0.5492957746478874,191.0,0.0,0.0,297.07307692307694,63441.11330049261,30194.145161290322,29002.339805825242
Liberia,LR,LBR,430,AFR,2015,15.0,4.0,0.0,235.1094890510949,40706.675276752765,7182.249011857708,297.07307692307694,63441.11330049261,30194.145161290322,29002.339805825242
Liberia,LR,LBR,430,AFR,2016,15.0,0.0,0.0,235.1094890510949,40706.675276752765,7182.249011857708,2.0,63441.11330049261,30194.145161290322,29002.339805825242
Liberia,LR,LBR,430,AFR,2017,15.0,9.0,1.0,9.0,6677.0,2337.0,297.07307692307694,63441.11330049261,30194.145161290322,29002.339805825242
Liberia,LR,LBR,430,AFR,2018,15.0,4.0,1.0,4.0,685.0,7182.249011857708,297.07307692307694,63441.11330049261,30194.145161290322,29002.339805825242
Madagascar,MG,MDG,450,AFR,2013,423.88524590163934,232.03787878787878,0.5492957746478874,235.1094890510949,40706.675276752765,7182.249011857708,72.0,63441.11330049261,382.0,29002.339805825242
Madagascar,MG,MDG,450,AFR,2014,215.0,232.03787878787878,0.5492957746478874,72.0,11297.0,5914.0,72.0,8352.0,7378.0,5966.0
Madagascar,MG,MDG,450,AFR,2015,216.0,72.0,1.0,72.0,13056.0,3449.0,72.0,28936.0,776.0,644.0
Madagascar,MG,MDG,450,AFR,2016,216.0,91.0,1.0,91.0,3716.0,1184.0,71.0,6069.0,776.0,644.0
Madagascar,MG,MDG,450,AFR,2017,216.0,91.0,1.0,91.0,3716.0,1702.0,91.0,4370.0,3712.0,3627.0
Madagascar,MG,MDG,450,AFR,2018,228.0,91.0,1.0,91.0,14752.0,4370.0,297.07307692307694,63441.11330049261,30194.145161290322,29002.339805825242
Malawi,MW,MWI,454,AFR,2014,276.0,232.03787878787878,0.5492957746478874,235.1094890510949,40706.675276752765,7182.249011857708,297.07307692307694,63441.11330049261,30194.145161290322,29002.339805825242
Malawi,MW,MWI,454,AFR,2015,28.0,28.0,0.0,235.1094890510949,40706.675276752765,7182.249011857708,297.07307692307694,63441.11330049261,30194.145161290322,29002.339805825242
Malawi,MW,MWI,454,AFR,2016,28.0,28.0,1.0,28.0,16956.0,288.0,297.07307692307694,63441.11330049261,30194.145161290322,29002.339805825242
Malawi,MW,MWI,454,AFR,2017,28.0,28.0,1.0,28.0,16502.0,738.0,297.07307692307694,63441.11330049261,30194.145161290322,29002.339805825242
Malawi,MW,MWI,454,AFR,2018,28.0,28.0,1.0,28.0,15591.0,773.0,297.07307692307694,63441.11330049261,30194.145161290322,29002.339805825242
Malaysia,MY,MYS,458,WPR,2013,423.88524590163934,232.03787878787878,0.5492957746478874,235.1094890510949,40706.675276752765,7182.249011857708,15.0,63441.11330049261,84.0,64.0
Malaysia,MY,MYS,458,WPR,2014,146.0,232.03787878787878,0.5492957746478874,146.0,24054.0,7182.249011857708,16.0,5733.0,47.0,35.0
Malaysia,MY,MYS,458,WPR,2015,146.0,146.0,1.0,235.1094890510949,40706.675276752765,7182.249011857708,15.0,5821.0,41.0,33.0
Malaysia,MY,MYS,458,WPR,2016,147.0,15.0,1.0,235.1094890510949,40706.675276752765,7182.249011857708,28.0,8384.0,94.0,85.0
Malaysia,MY,MYS,458,WPR,2017,149.0,232.03787878787878,1.0,235.1094890510949,40706.675276752765,7182.249011857708,297.07307692307694,63441.11330049261,30194.145161290322,29002.339805825242
Malaysia,MY,MYS,458,WPR,2018,149.0,232.03787878787878,0.0,235.1094890510949,40706.675276752765,7182.249011857708,297.07307692307694,63441.11330049261,30194.145161290322,29002.339805825242
Mali,ML,MLI,466,AFR,2015,0.0,232.03787878787878,0.0,235.1094890510949,40706.675276752765,7182.249011857708,2.0,1276.0,30194.145161290322,29002.339805825242
Mali,ML,MLI,466,AFR,2016,72.0,22.0,1.0,22.0,1519.0,212.0,26.0,1888.0,663.0,29002.339805825242
Mali,ML,MLI,466,AFR,2017,80.0,38.0,1.0,38.0,2803.0,592.0,45.0,573.0,573.0,29002.339805825242
Mali,ML,MLI,466,AFR,2018,82.0,55.0,1.0,46.0,6264.0,163.0,297.07307692307694,63441.11330049261,30194.145161290322,29002.339805825242
Marshall Islands,MH,MHL,584,WPR,2015,2.0,2.0,0.0,235.1094890510949,40706.675276752765,7182.249011857708,297.07307692307694,63441.11330049261,30194.145161290322,29002.339805825242
Marshall Islands,MH,MHL,584,WPR,2016,2.0,2.0,0.0,235.1094890510949,40706.675276752765,7182.249011857708,297.07307692307694,63441.11330049261,30194.145161290322,29002.339805825242
Marshall Islands,MH,MHL,584,WPR,2017,2.0,2.0,0.0,235.1094890510949,40706.675276752765,7182.249011857708,297.07307692307694,63441.11330049261,30194.145161290322,29002.339805825242
Marshall Islands,MH,MHL,584,WPR,2018,2.0,2.0,0.0,235.1094890510949,40706.675276752765,7182.249011857708,297.07307692307694,63441.11330049261,30194.145161290322,29002.339805825242
Mauritania,MR,MRT,478,AFR,2013,423.88524590163934,232.03787878787878,0.5492957746478874,235.1094890510949,40706.675276752765,7182.249011857708,0.0,63441.11330049261,0.0,0.0
Mauritania,MR,MRT,478,AFR,2014,14.0,232.03787878787878,0.5492957746478874,0.0,0.0,0.0,297.07307692307694,63441.11330049261,30194.145161290322,29002.339805825242
Mauritania,MR,MRT,478,AFR,2015,58.0,0.0,0.0,235.1094890510949,40706.675276752765,7182.249011857708,297.07307692307694,63441.11330049261,30194.145161290322,29002.339805825242
Mauritania,MR,MRT,478,AFR,2017,0.0,0.0,0.0,235.1094890510949,40706.675276752765,7182.249011857708,297.07307692307694,63441.11330049261,30194.145161290322,29002.339805825242
Mauritania,MR,MRT,478,AFR,2018,0.0,0.0,0.0,235.1094890510949,40706.675276752765,7182.249011857708,297.07307692307694,63441.11330049261,30194.145161290322,29002.339805825242
Mexico,MX,MEX,484,AMR,2014,423.88524590163934,232.03787878787878,0.5492957746478874,235.1094890510949,40706.675276752765,7182.249011857708,27.0,73.0,30194.145161290322,29002.339805825242
Mexico,MX,MEX,484,AMR,2015,245.0,27.0,1.0,27.0,6566.0,73.0,26.0,133.0,0.0,0.0
Mexico,MX,MEX,484,AMR,2016,257.0,26.0,1.0,26.0,6730.0,133.0,30.0,180.0,30194.145161290322,29002.339805825242
Mexico,MX,MEX,484,AMR,2017,257.0,30.0,1.0,30.0,8631.0,180.0,30.0,279.0,0.0,0.0
Mexico,MX,MEX,484,AMR,2018,242.0,30.0,1.0,30.0,9880.0,279.0,297.07307692307694,63441.11330049261,30194.145161290322,29002.339805825242
Micronesia (Federated States of),FM,FSM,583,WPR,2015,423.88524590163934,232.03787878787878,0.5492957746478874,235.1094890510949,40706.675276752765,7182.249011857708,4.0,105.0,105.0,87.0
Micronesia (Federated States of),FM,FSM,583,WPR,2016,4.0,4.0,1.0,4.0,142.0,142.0,297.07307692307694,63441.11330049261,30194.145161290322,29002.339805825242
Micronesia (Federated States of),FM,FSM,583,WPR,2017,4.0,4.0,0.0,235.1094890510949,40706.675276752765,7182.249011857708,297.07307692307694,63441.11330049261,30194.145161290322,29002.339805825242
Mongolia,MN,MNG,496,WPR,2013,423.88524590163934,232.03787878787878,0.5492957746478874,235.1094890510949,40706.675276752765,7182.249011857708,32.0,63441.11330049261,731.0,580.0
Mongolia,MN,MNG,496,WPR,2014,32.0,232.03787878787878,0.5492957746478874,32.0,4483.0,351.0,32.0,4771.0,1597.0,1375.0
Mongolia,MN,MNG,496,WPR,2015,33.0,32.0,1.0,32.0,4685.0,416.0,30.0,4935.0,2199.0,1785.0
Mongolia,MN,MNG,496,WPR,2016,33.0,31.0,1.0,30.0,4425.0,723.0,30.0,4669.0,3058.0,1858.0
Mongolia,MN,MNG,496,WPR,2017,33.0,31.0,1.0,30.0,4220.0,1052.0,30.0,4065.0,3225.0,2248.0
Mongolia,MN,MNG,496,WPR,2018,33.0,30.0,1.0,30.0,3880.0,865.0,297.07307692307694,63441.11330049261,30194.145161290322,29002.339805825242
Montenegro,ME,MNE,499,EUR,2015,1.0,0.0,0.0,235.1094890510949,40706.675276752765,7182.249011857708,297.07307692307694,63441.11330049261,30194.145161290322,29002.339805825242
Morocco,MA,MAR,504,EMR,2014,423.88524590163934,232.03787878787878,0.5492957746478874,235.1094890510949,40706.675276752765,7182.249011857708,11.0,10295.0,1110.0,29002.339805825242
Morocco,MA,MAR,504,EMR,2015,75.0,11.0,1.0,235.1094890510949,40706.675276752765,7182.249011857708,12.0,10393.0,1061.0,29002.339805825242
Morocco,MA,MAR,504,EMR,2016,76.0,12.0,1.0,235.1094890510949,40706.675276752765,7182.249011857708,12.0,10101.0,1112.0,602.0
Morocco,MA,MAR,504,EMR,2017,76.0,18.0,1.0,13.0,6126.0,78.0,13.0,63441.11330049261,30194.145161290322,29002.339805825242
Morocco,MA,MAR,504,EMR,2018,76.0,13.0,1.0,13.0,9951.0,7182.249011857708,297.07307692307694,63441.11330049261,30194.145161290322,29002.339805825242
Mozambique,MZ,MOZ,508,AFR,2013,423.88524590163934,232.03787878787878,0.5492957746478874,235.1094890510949,40706.675276752765,7182.249011857708,251.0,63441.11330049261,5656.0,4852.0
Mozambique,MZ,MOZ,508,AFR,2014,323.0,232.03787878787878,0.5492957746478874,323.0,58270.0,2868.0,345.0,5710.0,4611.0,4610.0
Mozambique,MZ,MOZ,508,AFR,2015,391.0,366.0,1.0,366.0,60913.0,3439.0,377.0,61559.0,8493.0,8493.0
Mozambique,MZ,MOZ,508,AFR,2016,377.0,377.0,1.0,377.0,73470.0,15347.0,498.0,63441.11330049261,11981.0,10001.0
Mozambique,MZ,MOZ,508,AFR,2017,562.0,562.0,1.0,498.0,85376.0,21983.0,546.0,63441.11330049261,19956.0,29002.339805825242
Mozambique,MZ,MOZ,508,AFR,2018,546.0,546.0,1.0,546.0,92381.0,23693.0,297.07307692307694,63441.11330049261,30194.145161290322,29002.339805825242
Myanmar,MM,MMR,104,SEA,2013,423.88524590163934,232.03787878787878,0.5492957746478874,235.1094890510949,40706.675276752765,7182.249011857708,165.0,63441.11330049261,1605.0,29002.339805825242
Myanmar,MM,MMR,104,SEA,2014,354.0,232.03787878787878,0.5492957746478874,171.0,65323.0,1304.0,228.0,83934.0,5273.0,4890.0
Myanmar,MM,MMR,104,SEA,2015,330.0,228.0,1.0,228.0,86344.0,12631.0,228.0,86344.0,10616.0,9012.0
Myanmar,MM,MMR,104,SEA,2016,330.0,263.0,1.0,263.0,102033.0,19769.0,263.0,103598.0,14098.0,12406.0
Myanmar,MM,MMR,104,SEA,2017,330.0,276.0,1.0,276.0,98293.0,19675.0,276.0,98293.0,15911.0,14002.0
Myanmar,MM,MMR,104,SEA,2018,330.0,276.0,1.0,276.0,86370.0,19465.0,297.07307692307694,63441.11330049261,30194.145161290322,29002.339805825242
Namibia,MM,NAM,516,AFR,2013,423.88524590163934,232.03787878787878,0.5492957746478874,235.1094890510949,40706.675276752765,7182.249011857708,31.0,63441.11330049261,6463.0,29002.339805825242
Namibia,MM,NAM,516,AFR,2014,34.0,232.03787878787878,0.5492957746478874,235.1094890510949,40706.675276752765,7182.249011857708,34.0,9587.0,9127.0,29002.339805825242
Namibia,MM,NAM,516,AFR,2015,34.0,34.0,1.0,34.0,9614.0,7182.249011857708,34.0,9614.0,7907.0,29002.339805825242
Namibia,MM,NAM,516,AFR,2016,34.0,34.0,1.0,34.0,8857.0,7182.249011857708,34.0,9154.0,5310.0,29002.339805825242
Namibia,MM,NAM,516,AFR,2017,34.0,34.0,1.0,34.0,8575.0,7182.249011857708,35.0,8857.0,30194.145161290322,29002.339805825242
Namibia,MM,NAM,516,AFR,2018,35.0,35.0,1.0,35.0,8100.0,6502.0,297.07307692307694,63441.11330049261,30194.145161290322,29002.339805825242
Nepal,NP,NPL,524,SEA,2013,423.88524590163934,232.03787878787878,0.5492957746478874,235.1094890510949,40706.675276752765,7182.249011857708,5.0,63441.11330049261,363.0,29002.339805825242
Nepal,NP,NPL,524,SEA,2014,75.0,232.03787878787878,0.5492957746478874,75.0,18249.0,457.0,11.0,5051.0,2273.0,2054.0
Nepal,NP,NPL,524,SEA,2015,75.0,75.0,1.0,75.0,32986.0,3567.0,297.07307692307694,63441.11330049261,30194.145161290322,29002.339805825242
Nepal,NP,NPL,524,SEA,2016,75.0,21.0,0.0,235.1094890510949,40706.675276752765,7182.249011857708,297.07307692307694,63441.11330049261,30194.145161290322,29002.339805825242
Nepal,NP,NPL,524,SEA,2017,75.0,21.0,0.0,235.1094890510949,40706.675276752765,7182.249011857708,297.07307692307694,63441.11330049261,30194.145161290322,29002.339805825242
Nepal,NP,NPL,524,SEA,2018,753.0,21.0,0.0,235.1094890510949,40706.675276752765,7182.249011857708,297.07307692307694,63441.11330049261,30194.145161290322,29002.339805825242
Nicaragua,NI,NIC,558,AMR,2015,19.0,16.0,0.0,235.1094890510949,40706.675276752765,7182.249011857708,297.07307692307694,63441.11330049261,30194.145161290322,29002.339805825242
Nicaragua,NI,NIC,558,AMR,2016,201.0,186.0,0.0,235.1094890510949,40706.675276752765,7182.249011857708,297.07307692307694,63441.11330049261,30194.145161290322,29002.339805825242
Nicaragua,NI,NIC,558,AMR,2017,19.0,19.0,1.0,15.0,1866.0,62.0,39.0,1281.0,61.0,52.0
Nicaragua,NI,NIC,558,AMR,2018,1154.0,113.0,1.0,113.0,1058.0,65.0,297.07307692307694,63441.11330049261,30194.145161290322,29002.339805825242
Niger,NE,NER,562,AFR,2014,8.0,232.03787878787878,0.5492957746478874,235.1094890510949,40706.675276752765,7182.249011857708,297.07307692307694,63441.11330049261,30194.145161290322,29002.339805825242
Niger,NE,NER,562,AFR,2015,44.0,232.03787878787878,0.0,235.1094890510949,40706.675276752765,7182.249011857708,297.07307692307694,63441.11330049261,30194.145161290322,29002.339805825242
Niger,NE,NER,562,AFR,2017,44.0,44.0,1.0,44.0,10418.0,982.0,44.0,10619.0,30194.145161290322,29002.339805825242
Niger,NE,NER,562,AFR,2018,72.0,72.0,1.0,72.0,10638.0,1727.0,297.07307692307694,63441.11330049261,30194.145161290322,29002.339805825242
Nigeria,NG,NGA,566,AFR,2013,423.88524590163934,232.03787878787878,0.5492957746478874,235.1094890510949,40706.675276752765,7182.249011857708,774.0,63441.11330049261,55995.0,29002.339805825242
Nigeria,NG,NGA,566,AFR,2014,774.0,232.03787878787878,0.5492957746478874,774.0,40706.675276752765,7182.249011857708,774.0,90584.0,68016.0,29002.339805825242
Nigeria,NG,NGA,566,AFR,2015,774.0,774.0,1.0,774.0,55508.0,19755.0,774.0,90584.0,68016.0,57264.0
Nigeria,NG,NGA,566,AFR,2016,774.0,774.0,1.0,774.0,97279.0,20474.0,774.0,100403.0,79345.0,68680.0
Nigeria,NG,NGA,566,AFR,2017,774.0,774.0,1.0,489.0,59792.0,21094.0,756.0,104904.0,86720.0,74290.0
Nigeria,NG,NGA,566,AFR,2018,774.0,774.0,1.0,774.0,102086.0,20171.0,297.07307692307694,63441.11330049261,30194.145161290322,29002.339805825242
North Macedonia,MK,MKD,807,EUR,2015,16.0,0.0,0.0,235.1094890510949,40706.675276752765,7182.249011857708,297.07307692307694,63441.11330049261,30194.145161290322,29002.339805825242
North Macedonia,MK,MKD,807,EUR,2016,16.0,0.0,0.0,235.1094890510949,40706.675276752765,7182.249011857708,297.07307692307694,63441.11330049261,30194.145161290322,29002.339805825242
North Macedonia,MK,MKD,807,EUR,2017,12.0,0.0,0.0,235.1094890510949,40706.675276752765,7182.249011857708,297.07307692307694,63441.11330049261,30194.145161290322,29002.339805825242
Pakistan,PK,PAK,586,EMR,2013,423.88524590163934,232.03787878787878,0.5492957746478874,235.1094890510949,40706.675276752765,7182.249011857708,1137.0,63441.11330049261,231557.0,210717.0
Pakistan,PK,PAK,586,EMR,2014,1306.0,232.03787878787878,0.5492957746478874,1011.0,105169.0,7182.249011857708,1360.0,308327.0,154163.0,140290.0
Pakistan,PK,PAK,586,EMR,2015,1360.0,1360.0,1.0,1360.0,323267.0,32326.0,1360.0,323267.0,161633.0,150319.0
Pakistan,PK,PAK,586,EMR,2016,1360.0,1360.0,1.0,1360.0,356390.0,53458.0,297.07307692307694,63441.11330049261,30194.145161290322,29002.339805825242
Pakistan,PK,PAK,586,EMR,2017,1360.0,232.03787878787878,0.0,235.1094890510949,40706.675276752765,7182.249011857708,297.07307692307694,63441.11330049261,30194.145161290322,29002.339805825242
Pakistan,PK,PAK,586,EMR,2018,1523.0,1523.0,0.0,235.1094890510949,40706.675276752765,7182.249011857708,297.07307692307694,63441.11330049261,30194.145161290322,29002.339805825242
Panama,PA,PAN,591,AMR,2015,15.0,0.0,0.0,235.1094890510949,40706.675276752765,7182.249011857708,297.07307692307694,63441.11330049261,30194.145161290322,29002.339805825242
Panama,PA,PAN,591,AMR,2016,15.0,0.0,0.0,235.1094890510949,40706.675276752765,7182.249011857708,297.07307692307694,63441.11330049261,30194.145161290322,29002.339805825242
Panama,PA,PAN,591,AMR,2017,15.0,0.0,0.0,235.1094890510949,40706.675276752765,7182.249011857708,297.07307692307694,63441.11330049261,30194.145161290322,29002.339805825242
Papua New Guinea,PG,PNG,598,WPR,2015,270.0,232.03787878787878,0.0,235.1094890510949,40706.675276752765,7182.249011857708,297.07307692307694,63441.11330049261,30194.145161290322,29002.339805825242
Papua New Guinea,PG,PNG,598,WPR,2016,275.0,11.0,0.0,235.1094890510949,40706.675276752765,7182.249011857708,297.07307692307694,63441.11330049261,30194.145161290322,29002.339805825242
Papua New Guinea,PG,PNG,598,WPR,2017,275.0,15.0,0.0,235.1094890510949,40706.675276752765,7182.249011857708,297.07307692307694,63441.11330049261,30194.145161290322,29002.339805825242
Papua New Guinea,PG,PNG,598,WPR,2018,272.0,272.0,0.0,235.1094890510949,40706.675276752765,7182.249011857708,297.07307692307694,63441.11330049261,30194.145161290322,29002.339805825242
Paraguay,PY,PRY,600,AMR,2015,250.0,232.03787878787878,0.0,235.1094890510949,40706.675276752765,7182.249011857708,297.07307692307694,63441.11330049261,30194.145161290322,29002.339805825242
Paraguay,PY,PRY,600,AMR,2016,245.0,15.0,1.0,15.0,40.0,40.0,297.07307692307694,63441.11330049261,30194.145161290322,29002.339805825242
Paraguay,PY,PRY,600,AMR,2017,18.0,4.0,1.0,4.0,42.0,42.0,4.0,42.0,42.0,35.0
Paraguay,PY,PRY,600,AMR,2018,18.0,4.0,1.0,4.0,33.0,33.0,297.07307692307694,63441.11330049261,30194.145161290322,29002.339805825242
Peru,PE,PER,604,AMR,2015,8164.0,790.0,0.0,235.1094890510949,40706.675276752765,7182.249011857708,297.07307692307694,63441.11330049261,30194.145161290322,29002.339805825242
Peru,PE,PER,604,AMR,2016,9746.0,232.03787878787878,0.0,235.1094890510949,40706.675276752765,7182.249011857708,297.07307692307694,63441.11330049261,30194.145161290322,29002.339805825242
Peru,PE,PER,604,AMR,2017,9746.0,0.0,0.0,235.1094890510949,40706.675276752765,7182.249011857708,297.07307692307694,63441.11330049261,30194.145161290322,29002.339805825242
Peru,PE,PER,604,AMR,2018,8219.0,127.0,0.0,235.1094890510949,40706.675276752765,7182.249011857708,297.07307692307694,63441.11330049261,30194.145161290322,29002.339805825242
Philippines,PH,PHL,608,WPR,2014,2208.0,232.03787878787878,0.5492957746478874,235.1094890510949,40706.675276752765,7182.249011857708,297.07307692307694,63441.11330049261,30194.145161290322,29002.339805825242
Philippines,PH,PHL,608,WPR,2015,2964.0,2622.0,0.0,235.1094890510949,40706.675276752765,7182.249011857708,0.0,63441.11330049261,30194.145161290322,29002.339805825242
Philippines,PH,PHL,608,WPR,2016,3132.0,3132.0,1.0,3132.0,273444.0,41076.0,0.0,253450.0,30194.145161290322,29002.339805825242
Philippines,PH,PHL,608,WPR,2017,2934.0,2351.0,1.0,2351.0,235930.0,30671.0,297.07307692307694,63441.11330049261,30194.145161290322,29002.339805825242
Philippines,PH,PHL,608,WPR,2018,2974.0,2507.0,1.0,2386.0,252318.0,38628.0,297.07307692307694,63441.11330049261,30194.145161290322,29002.339805825242
Republic of Moldova,MD,MDA,498,EUR,2013,423.88524590163934,232.03787878787878,0.5492957746478874,235.1094890510949,40706.675276752765,7182.249011857708,57.0,63441.11330049261,3308.0,2414.0
Republic of Moldova,MD,MDA,498,EUR,2014,57.0,232.03787878787878,0.5492957746478874,57.0,4636.0,7182.249011857708,297.07307692307694,63441.11330049261,30194.145161290322,29002.339805825242
Republic of Moldova,MD,MDA,498,EUR,2015,59.0,59.0,0.0,235.1094890510949,40706.675276752765,7182.249011857708,297.07307692307694,63441.11330049261,30194.145161290322,29002.339805825242
Republic of Moldova,MD,MDA,498,EUR,2016,59.0,59.0,0.0,235.1094890510949,40706.675276752765,7182.249011857708,54.0,4078.0,4078.0,2659.0
Republic of Moldova,MD,MDA,498,EUR,2017,59.0,59.0,1.0,8.0,586.0,216.0,52.0,3797.0,3797.0,2571.0
Republic of Moldova,MD,MDA,498,EUR,2018,59.0,59.0,1.0,35.0,2326.0,953.0,297.07307692307694,63441.11330049261,30194.145161290322,29002.339805825242
Romania,RO,ROU,642,EUR,2013,423.88524590163934,232.03787878787878,0.5492957746478874,235.1094890510949,40706.675276752765,7182.249011857708,177.0,63441.11330049261,320.0,0.0
Romania,RO,ROU,642,EUR,2014,177.0,232.03787878787878,0.5492957746478874,0.0,14861.0,0.0,297.07307692307694,63441.11330049261,30194.145161290322,29002.339805825242
Romania,RO,ROU,642,EUR,2015,177.0,31.0,0.0,235.1094890510949,40706.675276752765,7182.249011857708,32.0,2965.0,1300.0,29002.339805825242
Romania,RO,ROU,642,EUR,2016,177.0,38.0,1.0,0.0,2981.0,27.0,30.0,3416.0,1801.0,1542.0
Romania,RO,ROU,642,EUR,2017,178.0,30.0,1.0,30.0,3172.0,2288.0,30.0,3481.0,2277.0,29002.339805825242
Romania,RO,ROU,642,EUR,2018,178.0,30.0,1.0,30.0,2320.0,7182.249011857708,297.07307692307694,63441.11330049261,30194.145161290322,29002.339805825242
Russian Federation,RU,RUS,643,EUR,2015,2212.0,232.03787878787878,0.0,235.1094890510949,40706.675276752765,7182.249011857708,297.07307692307694,63441.11330049261,30194.145161290322,29002.339805825242
Russian Federation,RU,RUS,643,EUR,2016,2279.0,232.03787878787878,0.5492957746478874,235.1094890510949,40706.675276752765,7182.249011857708,297.07307692307694,63441.11330049261,30194.145161290322,29002.339805825242
Russian Federation,RU,RUS,643,EUR,2017,2263.0,0.0,0.0,235.1094890510949,40706.675276752765,7182.249011857708,297.07307692307694,63441.11330049261,30194.145161290322,29002.339805825242
Rwanda,RW,RWA,646,AFR,2013,423.88524590163934,232.03787878787878,0.5492957746478874,235.1094890510949,40706.675276752765,7182.249011857708,515.0,63441.11330049261,2889.0,2711.0
Rwanda,RW,RWA,646,AFR,2014,515.0,232.03787878787878,0.5492957746478874,515.0,5919.0,1188.0,178.0,5940.0,2767.0,2645.0
Rwanda,RW,RWA,646,AFR,2015,200.0,200.0,1.0,200.0,5534.0,1073.0,153.0,2649.0,2490.0,2342.0
Rwanda,RW,RWA,646,AFR,2016,200.0,153.0,1.0,153.0,2743.0,1162.0,153.0,2816.0,2661.0,2509.0
Rwanda,RW,RWA,646,AFR,2017,200.0,153.0,1.0,153.0,2547.0,729.0,153.0,2911.0,1655.0,1563.0
Rwanda,RW,RWA,646,AFR,2018,153.0,153.0,1.0,153.0,1568.0,695.0,297.07307692307694,63441.11330049261,30194.145161290322,29002.339805825242
Sao Tome and Principe,ST,STP,678,AFR,2013,423.88524590163934,232.03787878787878,0.5492957746478874,235.1094890510949,40706.675276752765,7182.249011857708,0.0,63441.11330049261,6.0,6.0
Sao Tome and Principe,ST,STP,678,AFR,2014,0.0,232.03787878787878,0.5492957746478874,0.0,109.0,109.0,7.0,96.0,96.0,82.0
Sao Tome and Principe,ST,STP,678,AFR,2015,7.0,7.0,1.0,7.0,178.0,129.0,7.0,39.0,28.0,24.0
Sao Tome and Principe,ST,STP,678,AFR,2016,7.0,7.0,1.0,7.0,34.0,9.0,7.0,44.0,30.0,29.0
Sao Tome and Principe,ST,STP,678,AFR,2017,7.0,7.0,1.0,7.0,28.0,28.0,7.0,24.0,24.0,14.0
Sao Tome and Principe,ST,STP,678,AFR,2018,7.0,7.0,1.0,7.0,26.0,26.0,297.07307692307694,63441.11330049261,30194.145161290322,29002.339805825242
Senegal,SN,SEN,686,AFR,2013,423.88524590163934,232.03787878787878,0.5492957746478874,235.1094890510949,40706.675276752765,7182.249011857708,76.0,63441.11330049261,891.0,760.0
Senegal,SN,SEN,686,AFR,2014,76.0,232.03787878787878,0.5492957746478874,76.0,9931.0,1011.0,297.07307692307694,618.0,618.0,571.0
Senegal,SN,SEN,686,AFR,2015,76.0,76.0,1.0,76.0,9773.0,1059.0,84.0,13375.0,169.0,158.0
Senegal,SN,SEN,686,AFR,2016,84.0,84.0,1.0,84.0,9836.0,1374.0,84.0,12878.0,321.0,305.0
Senegal,SN,SEN,686,AFR,2017,84.0,84.0,1.0,84.0,10117.0,1529.0,90.0,13235.0,303.0,29002.339805825242
Senegal,SN,SEN,686,AFR,2018,90.0,90.0,1.0,90.0,13250.0,858.0,297.07307692307694,63441.11330049261,30194.145161290322,29002.339805825242
Serbia,RS,SRB,688,EUR,2015,28.0,0.0,0.0,235.1094890510949,40706.675276752765,7182.249011857708,1.0,20.0,20.0,17.0
Serbia,RS,SRB,688,EUR,2016,28.0,9.0,0.5492957746478874,9.0,108.0,108.0,1.0,4.0,2.0,2.0
Serbia,RS,SRB,688,EUR,2017,84.0,71.0,1.0,71.0,40706.675276752765,129.0,1.0,63441.11330049261,4.0,4.0
Serbia,RS,SRB,688,EUR,2018,24.0,24.0,1.0,24.0,40706.675276752765,28.0,297.07307692307694,63441.11330049261,30194.145161290322,29002.339805825242
Sierra Leone,SL,SLE,694,AFR,2013,423.88524590163934,232.03787878787878,0.5492957746478874,235.1094890510949,40706.675276752765,7182.249011857708,170.0,63441.11330049261,187.0,185.0
Sierra Leone,SL,SLE,694,AFR,2014,170.0,232.03787878787878,0.5492957746478874,170.0,7729.0,3065.0,297.07307692307694,63441.11330049261,30194.145161290322,29002.339805825242
Sierra Leone,SL,SLE,694,AFR,2015,170.0,142.0,1.0,235.1094890510949,40706.675276752765,7182.249011857708,0.0,12103.0,3101.0,29002.339805825242
Sierra Leone,SL,SLE,694,AFR,2016,14.0,14.0,1.0,14.0,8730.0,3330.0,297.07307692307694,63441.11330049261,139.0,137.0
Sierra Leone,SL,SLE,694,AFR,2017,170.0,170.0,1.0,170.0,15935.0,3400.0,170.0,16142.0,761.0,727.0
Sierra Leone,SL,SLE,694,AFR,2018,170.0,170.0,1.0,170.0,17143.0,5884.0,297.07307692307694,63441.11330049261,30194.145161290322,29002.339805825242
Somalia,SO,SOM,706,EMR,2015,68.0,232.03787878787878,1.0,235.1094890510949,40706.675276752765,1687.0,297.07307692307694,63441.11330049261,30194.145161290322,29002.339805825242
Somalia,SO,SOM,706,EMR,2016,75.0,5.0,0.0,235.1094890510949,40706.675276752765,7182.249011857708,0.0,0.0,0.0,0.0
Somalia,SO,SOM,706,EMR,2017,92.0,7.0,1.0,7.0,2051.0,277.0,12.0,2734.0,2734.0,2115.0
Somalia,SO,SOM,706,EMR,2018,96.0,12.0,1.0,12.0,2511.0,469.0,297.07307692307694,63441.11330049261,30194.145161290322,29002.339805825242
South Africa,ZA,ZAF,710,AFR,2014,52.0,232.03787878787878,0.5492957746478874,235.1094890510949,40706.675276752765,7182.249011857708,297.07307692307694,63441.11330049261,30194.145161290322,29002.339805825242
South Africa,ZA,ZAF,710,AFR,2015,52.0,52.0,0.0,235.1094890510949,40706.675276752765,7182.249011857708,297.07307692307694,63441.11330049261,30194.145161290322,29002.339805825242
South Africa,ZA,ZAF,710,AFR,2016,52.0,52.0,0.0,235.1094890510949,40706.675276752765,7182.249011857708,297.07307692307694,63441.11330049261,30194.145161290322,29002.339805825242
South Africa,ZA,ZAF,710,AFR,2017,52.0,52.0,0.0,235.1094890510949,40706.675276752765,7182.249011857708,297.07307692307694,63441.11330049261,30194.145161290322,29002.339805825242
South Africa,ZA,ZAF,710,AFR,2018,52.0,52.0,0.0,235.1094890510949,40706.675276752765,7182.249011857708,297.07307692307694,63441.11330049261,30194.145161290322,29002.339805825242
Sri Lanka,LK,LKA,144,SEA,2013,423.88524590163934,232.03787878787878,0.5492957746478874,235.1094890510949,40706.675276752765,7182.249011857708,26.0,63441.11330049261,1637.0,1559.0
Sri Lanka,LK,LKA,144,SEA,2014,26.0,232.03787878787878,0.5492957746478874,26.0,3982.0,85.0,26.0,9473.0,1645.0,1474.0
Sri Lanka,LK,LKA,144,SEA,2015,26.0,26.0,1.0,26.0,9293.0,525.0,26.0,8886.0,701.0,568.0
Sri Lanka,LK,LKA,144,SEA,2016,26.0,26.0,1.0,26.0,8660.0,83.0,26.0,8511.0,1608.0,1363.0
Sri Lanka,LK,LKA,144,SEA,2017,26.0,26.0,1.0,26.0,8314.0,25.0,26.0,8511.0,1946.0,1586.0
Sri Lanka,LK,LKA,144,SEA,2018,26.0,26.0,1.0,26.0,8613.0,39.0,297.07307692307694,63441.11330049261,30194.145161290322,29002.339805825242
Sudan,SD,SDN,729,EMR,2014,331.0,232.03787878787878,0.5492957746478874,235.1094890510949,40706.675276752765,7182.249011857708,297.07307692307694,63441.11330049261,30194.145161290322,29002.339805825242
Sudan,SD,SDN,729,EMR,2015,327.0,232.03787878787878,0.0,235.1094890510949,40706.675276752765,7182.249011857708,297.07307692307694,63441.11330049261,30194.145161290322,29002.339805825242
Sudan,SD,SDN,729,EMR,2016,335.0,232.03787878787878,0.0,235.1094890510949,40706.675276752765,7182.249011857708,297.07307692307694,63441.11330049261,30194.145161290322,29002.339805825242
Sudan,SD,SDN,729,EMR,2017,336.0,232.03787878787878,0.0,235.1094890510949,40706.675276752765,7182.249011857708,297.07307692307694,63441.11330049261,30194.145161290322,29002.339805825242
Suriname,SR,SUR,740,AMR,2015,1.0,0.0,0.0,235.1094890510949,40706.675276752765,7182.249011857708,297.07307692307694,63441.11330049261,30194.145161290322,29002.339805825242
Suriname,SR,SUR,740,AMR,2016,0.0,0.0,0.0,235.1094890510949,40706.675276752765,7182.249011857708,297.07307692307694,63441.11330049261,30194.145161290322,29002.339805825242
Suriname,SR,SUR,740,AMR,2017,1.0,0.0,0.0,235.1094890510949,40706.675276752765,7182.249011857708,297.07307692307694,63441.11330049261,30194.145161290322,29002.339805825242
Suriname,SR,SUR,740,AMR,2018,1.0,0.0,0.0,235.1094890510949,40706.675276752765,7182.249011857708,297.07307692307694,63441.11330049261,30194.145161290322,29002.339805825242
Syrian Arab Republic,SY,SYR,760,EMR,2015,423.88524590163934,232.03787878787878,0.0,235.1094890510949,40706.675276752765,7182.249011857708,297.07307692307694,63441.11330049261,30194.145161290322,29002.339805825242
Syrian Arab Republic,SY,SYR,760,EMR,2016,641.0,0.0,0.0,235.1094890510949,40706.675276752765,7182.249011857708,641.0,3191.0,2947.0,2875.0
Syrian Arab Republic,SY,SYR,760,EMR,2017,641.0,641.0,1.0,641.0,2845.0,7182.249011857708,641.0,2845.0,2845.0,2450.0
Syrian Arab Republic,SY,SYR,760,EMR,2018,643.0,643.0,1.0,643.0,2685.0,2685.0,297.07307692307694,63441.11330049261,30194.145161290322,29002.339805825242
Tajikistan,TJ,TJK,762,EUR,2013,423.88524590163934,232.03787878787878,0.5492957746478874,235.1094890510949,40706.675276752765,7182.249011857708,109.0,63441.11330049261,6495.0,5282.0
Tajikistan,TJ,TJK,762,EUR,2014,109.0,232.03787878787878,0.5492957746478874,109.0,6260.0,883.0,297.07307692307694,63441.11330049261,30194.145161290322,29002.339805825242
Tajikistan,TJ,TJK,762,EUR,2015,102.0,38.0,0.0,235.1094890510949,40706.675276752765,7182.249011857708,297.07307692307694,63441.11330049261,30194.145161290322,29002.339805825242
Tajikistan,TJ,TJK,762,EUR,2016,102.0,33.0,0.0,235.1094890510949,40706.675276752765,7182.249011857708,297.07307692307694,63441.11330049261,30194.145161290322,29002.339805825242
Tajikistan,TJ,TJK,762,EUR,2017,103.0,24.0,0.0,235.1094890510949,40706.675276752765,7182.249011857708,297.07307692307694,63441.11330049261,30194.145161290322,29002.339805825242
Tajikistan,TJ,TJK,762,EUR,2018,103.0,23.0,0.0,235.1094890510949,40706.675276752765,7182.249011857708,297.07307692307694,63441.11330049261,30194.145161290322,29002.339805825242
Thailand,TH,THA,764,SEA,2014,909.0,232.03787878787878,0.5492957746478874,235.1094890510949,40706.675276752765,7182.249011857708,297.07307692307694,63441.11330049261,30194.145161290322,29002.339805825242
Thailand,TH,THA,764,SEA,2015,909.0,232.03787878787878,0.0,235.1094890510949,40706.675276752765,7182.249011857708,297.07307692307694,63441.11330049261,30194.145161290322,29002.339805825242
Thailand,TH,THA,764,SEA,2016,883.0,883.0,0.0,235.1094890510949,40706.675276752765,7182.249011857708,297.07307692307694,63441.11330049261,30194.145161290322,29002.339805825242
Thailand,TH,THA,764,SEA,2017,1347.0,1347.0,0.0,235.1094890510949,40706.675276752765,7182.249011857708,297.07307692307694,63441.11330049261,30194.145161290322,29002.339805825242
Thailand,TH,THA,764,SEA,2018,1363.0,1363.0,0.0,235.1094890510949,40706.675276752765,7182.249011857708,297.07307692307694,63441.11330049261,30194.145161290322,29002.339805825242
Timor-Leste,TL,TLS,626,SEA,2013,423.88524590163934,232.03787878787878,0.5492957746478874,235.1094890510949,40706.675276752765,7182.249011857708,18.0,63441.11330049261,244.0,240.0
Timor-Leste,TL,TLS,626,SEA,2014,18.0,232.03787878787878,0.5492957746478874,18.0,1916.0,7182.249011857708,18.0,472.0,472.0,464.0
Timor-Leste,TL,TLS,626,SEA,2015,18.0,18.0,1.0,18.0,3337.0,483.0,18.0,3330.0,277.0,274.0
Timor-Leste,TL,TLS,626,SEA,2016,18.0,18.0,1.0,18.0,3607.0,328.0,76.0,3731.0,484.0,469.0
Timor-Leste,TL,TLS,626,SEA,2017,76.0,76.0,1.0,76.0,3470.0,347.0,18.0,3906.0,707.0,653.0
Timor-Leste,TL,TLS,626,SEA,2018,18.0,18.0,1.0,18.0,3607.0,659.0,297.07307692307694,63441.11330049261,30194.145161290322,29002.339805825242
Togo,TG,TGO,768,AFR,2015,62.0,62.0,1.0,62.0,2671.0,30.0,0.0,0.0,0.0,0.0
Togo,TG,TGO,768,AFR,2016,63.0,62.0,1.0,62.0,2084.0,125.0,0.0,0.0,0.0,0.0
Togo,TG,TGO,768,AFR,2017,63.0,63.0,1.0,63.0,2633.0,137.0,63.0,2633.0,670.0,321.0
Togo,TG,TGO,768,AFR,2018,63.0,63.0,1.0,63.0,2501.0,217.0,297.07307692307694,63441.11330049261,30194.145161290322,29002.339805825242
Tunisia,TN,TUN,788,EMR,2015,24.0,24.0,0.0,235.1094890510949,40706.675276752765,7182.249011857708,297.07307692307694,63441.11330049261,30194.145161290322,29002.339805825242
Tunisia,TN,TUN,788,EMR,2016,24.0,0.0,0.0,235.1094890510949,40706.675276752765,7182.249011857708,297.07307692307694,63441.11330049261,30194.145161290322,29002.339805825242
Tunisia,TN,TUN,788,EMR,2017,24.0,0.0,0.0,235.1094890510949,40706.675276752765,7182.249011857708,297.07307692307694,63441.11330049261,30194.145161290322,29002.339805825242
Tunisia,TN,TUN,788,EMR,2018,24.0,24.0,0.0,235.1094890510949,40706.675276752765,7182.249011857708,297.07307692307694,63441.11330049261,30194.145161290322,29002.339805825242
Turkey,TR,TUR,792,EUR,2014,177.0,232.03787878787878,0.5492957746478874,235.1094890510949,40706.675276752765,7182.249011857708,297.07307692307694,63441.11330049261,30194.145161290322,29002.339805825242
Turkey,TR,TUR,792,EUR,2015,178.0,150.0,0.0,235.1094890510949,40706.675276752765,7182.249011857708,297.07307692307694,63441.11330049261,30194.145161290322,29002.339805825242
Turkey,TR,TUR,792,EUR,2016,179.0,232.03787878787878,0.5492957746478874,235.1094890510949,40706.675276752765,7182.249011857708,297.07307692307694,63441.11330049261,30194.145161290322,29002.339805825242
Turkey,TR,TUR,792,EUR,2017,179.0,232.03787878787878,0.5492957746478874,235.1094890510949,40706.675276752765,7182.249011857708,297.07307692307694,63441.11330049261,30194.145161290322,29002.339805825242
Turkmenistan,TM,TKM,795,EUR,2015,423.88524590163934,232.03787878787878,0.0,235.1094890510949,40706.675276752765,7182.249011857708,297.07307692307694,63441.11330049261,30194.145161290322,29002.339805825242
Turkmenistan,TM,TKM,795,EUR,2016,423.88524590163934,232.03787878787878,0.0,235.1094890510949,40706.675276752765,7182.249011857708,297.07307692307694,63441.11330049261,30194.145161290322,29002.339805825242
Turkmenistan,TM,TKM,795,EUR,2017,423.88524590163934,232.03787878787878,0.0,235.1094890510949,40706.675276752765,7182.249011857708,297.07307692307694,63441.11330049261,30194.145161290322,29002.339805825242
Uganda,UG,UGA,800,AFR,2013,423.88524590163934,232.03787878787878,0.5492957746478874,235.1094890510949,40706.675276752765,7182.249011857708,117.0,63441.11330049261,26044.0,29002.339805825242
Uganda,UG,UGA,800,AFR,2014,117.0,232.03787878787878,0.5492957746478874,117.0,44187.0,7182.249011857708,297.07307692307694,63441.11330049261,30194.145161290322,29002.339805825242
Uganda,UG,UGA,800,AFR,2015,117.0,117.0,0.0,235.1094890510949,40706.675276752765,7182.249011857708,112.0,41912.0,32406.0,29002.339805825242
Uganda,UG,UGA,800,AFR,2016,112.0,112.0,1.0,112.0,43394.0,7182.249011857708,297.07307692307694,63441.11330049261,30194.145161290322,29002.339805825242
Uganda,UG,UGA,800,AFR,2017,122.0,122.0,0.0,235.1094890510949,40706.675276752765,7182.249011857708,65.0,9876.0,30194.145161290322,29002.339805825242
Uganda,UG,UGA,800,AFR,2018,1672.0,82.0,1.0,65.0,11344.0,1703.0,297.07307692307694,63441.11330049261,30194.145161290322,29002.339805825242
Ukraine,UA,UKR,804,EUR,2014,423.88524590163934,232.03787878787878,0.5492957746478874,235.1094890510949,40706.675276752765,7182.249011857708,25.0,28187.0,5663.0,4980.0
Ukraine,UA,UKR,804,EUR,2015,25.0,25.0,1.0,25.0,30749.0,563.0,25.0,32870.0,5298.0,4028.0
Ukraine,UA,UKR,804,EUR,2016,25.0,25.0,1.0,25.0,29052.0,27229.0,25.0,35979.0,5456.0,5146.0
Ukraine,UA,UKR,804,EUR,2017,25.0,25.0,1.0,25.0,27121.0,387.0,25.0,28145.0,11125.0,9116.0
Ukraine,UA,UKR,804,EUR,2018,25.0,25.0,1.0,25.0,26231.0,15112.0,297.07307692307694,63441.11330049261,30194.145161290322,29002.339805825242
United Republic of Tanzania,TZ,TZA,834,AFR,2013,423.88524590163934,232.03787878787878,0.5492957746478874,235.1094890510949,40706.675276752765,7182.249011857708,168.0,63441.11330049261,49412.0,44802.0
United Republic of Tanzania,TZ,TZA,834,AFR,2014,168.0,232.03787878787878,0.5492957746478874,168.0,59192.0,10416.0,193.0,63151.0,51939.0,47149.0
United Republic of Tanzania,TZ,TZA,834,AFR,2015,193.0,193.0,1.0,108.0,41527.0,8570.0,200.0,62180.0,55030.0,49478.0
United Republic of Tanzania,TZ,TZA,834,AFR,2016,200.0,200.0,1.0,143.0,50653.0,6268.0,213.0,65908.0,60420.0,54547.0
United Republic of Tanzania,TZ,TZA,834,AFR,2017,214.0,214.0,1.0,195.0,63876.0,10021.0,219.0,69518.0,66985.0,60672.0
United Republic of Tanzania,TZ,TZA,834,AFR,2018,220.0,220.0,1.0,215.0,75577.0,13030.0,297.07307692307694,63441.11330049261,30194.145161290322,29002.339805825242
Uzbekistan,UZ,UZB,860,EUR,2013,423.88524590163934,232.03787878787878,0.5492957746478874,235.1094890510949,40706.675276752765,7182.249011857708,4433.0,63441.11330049261,20812.0,17843.0
Uzbekistan,UZ,UZB,860,EUR,2014,4516.0,232.03787878787878,0.5492957746478874,4278.0,11154.0,7191.0,46.0,11154.0,7191.0,6592.0
Uzbekistan,UZ,UZB,860,EUR,2015,236.0,196.0,1.0,46.0,8527.0,0.0,297.07307692307694,63441.11330049261,30194.145161290322,29002.339805825242
Uzbekistan,UZ,UZB,860,EUR,2016,236.0,236.0,0.0,235.1094890510949,40706.675276752765,7182.249011857708,235.0,14743.0,14743.0,11840.0
Uzbekistan,UZ,UZB,860,EUR,2017,235.0,235.0,1.0,235.0,16842.0,6737.0,235.0,16842.0,16842.0,13554.0
Uzbekistan,UZ,UZB,860,EUR,2018,238.0,238.0,1.0,238.0,11143.0,5270.0,297.07307692307694,63441.11330049261,30194.145161290322,29002.339805825242
Vanuatu,VU,VUT,548,WPR,2015,5.0,5.0,0.0,235.1094890510949,40706.675276752765,7182.249011857708,297.07307692307694,63441.11330049261,30194.145161290322,29002.339805825242
Vanuatu,VU,VUT,548,WPR,2016,5.0,0.0,0.0,235.1094890510949,40706.675276752765,7182.249011857708,297.07307692307694,63441.11330049261,30194.145161290322,29002.339805825242
Vanuatu,VU,VUT,548,WPR,2017,6.0,6.0,0.0,235.1094890510949,40706.675276752765,7182.249011857708,5.0,87.0,4.0,4.0
Vanuatu,VU,VUT,548,WPR,2018,5.0,5.0,1.0,5.0,90.0,5.0,297.07307692307694,63441.11330049261,30194.145161290322,29002.339805825242
Venezuela (Bolivarian Republic of),VE,VEN,862,AMR,2015,224.0,224.0,0.0,235.1094890510949,40706.675276752765,7182.249011857708,297.07307692307694,63441.11330049261,30194.145161290322,29002.339805825242
Venezuela (Bolivarian Republic of),VE,VEN,862,AMR,2016,24.0,20.0,0.0,235.1094890510949,40706.675276752765,7182.249011857708,5.0,1846.0,96.0,94.0
Venezuela (Bolivarian Republic of),VE,VEN,862,AMR,2017,96.0,8.0,1.0,7.0,1978.0,472.0,297.07307692307694,63441.11330049261,30194.145161290322,29002.339805825242
Venezuela (Bolivarian Republic of),VE,VEN,862,AMR,2018,96.0,10.0,0.0,235.1094890510949,40706.675276752765,7182.249011857708,297.07307692307694,63441.11330049261,30194.145161290322,29002.339805825242
Viet Nam,VN,VNM,704,WPR,2013,423.88524590163934,232.03787878787878,0.5492957746478874,235.1094890510949,40706.675276752765,7182.249011857708,815.0,63441.11330049261,100721.0,92311.0
Viet Nam,VN,VNM,704,WPR,2014,815.0,232.03787878787878,0.5492957746478874,235.1094890510949,40706.675276752765,7182.249011857708,815.0,102087.0,102087.0,92879.0
Viet Nam,VN,VNM,704,WPR,2015,855.0,855.0,1.0,855.0,56648.0,7182.249011857708,873.0,102676.0,102676.0,93857.0
Viet Nam,VN,VNM,704,WPR,2016,873.0,873.0,1.0,873.0,101945.0,7182.249011857708,873.0,106527.0,106527.0,92235.0
Viet Nam,VN,VNM,704,WPR,2017,873.0,873.0,1.0,873.0,102598.0,7182.249011857708,894.0,105733.0,105733.0,96742.0
Viet Nam,VN,VNM,704,WPR,2018,894.0,894.0,1.0,894.0,99558.0,7182.249011857708,297.07307692307694,63441.11330049261,30194.145161290322,29002.339805825242
Yemen,YE,YEM,887,EMR,2015,333.0,232.03787878787878,0.0,235.1094890510949,40706.675276752765,7182.249011857708,297.07307692307694,63441.11330049261,30194.145161290322,29002.339805825242
Yemen,YE,YEM,887,EMR,2016,270.0,232.03787878787878,0.0,235.1094890510949,40706.675276752765,7182.249011857708,297.07307692307694,63441.11330049261,30194.145161290322,29002.339805825242
Yemen,YE,YEM,887,EMR,2017,0.0,0.0,0.0,235.1094890510949,40706.675276752765,7182.249011857708,297.07307692307694,63441.11330049261,30194.145161290322,29002.339805825242
Zambia,ZM,ZMB,894,AFR,2014,364.0,232.03787878787878,0.5492957746478874,235.1094890510949,40706.675276752765,7182.249011857708,297.07307692307694,63441.11330049261,30194.145161290322,29002.339805825242
Zambia,ZM,ZMB,894,AFR,2015,103.0,232.03787878787878,0.0,235.1094890510949,40706.675276752765,7182.249011857708,297.07307692307694,63441.11330049261,30194.145161290322,29002.339805825242
Zambia,ZM,ZMB,894,AFR,2016,104.0,0.0,0.0,235.1094890510949,40706.675276752765,7182.249011857708,48.0,16440.0,11279.0,9279.0
Zambia,ZM,ZMB,894,AFR,2017,104.0,48.0,1.0,48.0,16195.0,1019.0,48.0,16195.0,16195.0,14210.0
Zambia,ZM,ZMB,894,AFR,2018,115.0,115.0,1.0,115.0,35071.0,8730.0,297.07307692307694,63441.11330049261,30194.145161290322,29002.339805825242
Zimbabwe,ZW,ZWE,716,AFR,2013,423.88524590163934,232.03787878787878,0.5492957746478874,235.1094890510949,40706.675276752765,7182.249011857708,126.0,63441.11330049261,20271.0,20271.0
Zimbabwe,ZW,ZWE,716,AFR,2014,1651.0,232.03787878787878,0.5492957746478874,235.1094890510949,40706.675276752765,7182.249011857708,126.0,32016.0,15076.0,29002.339805825242
Zimbabwe,ZW,ZWE,716,AFR,2015,126.0,126.0,1.0,126.0,27314.0,1242.0,64.0,28225.0,9907.0,29002.339805825242
Zimbabwe,ZW,ZWE,716,AFR,2016,64.0,64.0,1.0,64.0,27353.0,1915.0,65.0,27353.0,14439.0,29002.339805825242
Zimbabwe,ZW,ZWE,716,AFR,2017,65.0,65.0,1.0,65.0,26401.0,2679.0,122.0,25402.0,15929.0,29002.339805825242
Zimbabwe,ZW,ZWE,716,AFR,2018,122.0,122.0,1.0,122.0,25775.0,3087.0,297.07307692307694,63441.11330049261,30194.145161290322,29002.339805825242
